agencyId|agencyBigImgName
8559|143x56.gif
12647|081085bdbc462bea4e75ddc6972fe57b.pad-ffffff.143x56.jpg
11701|431e0f2b26a2d2e0a48f89efdbd0ca52.pad-ffffff.143x56.jpg
13820|081085bdbc462bea4e75ddc6972fe57b.pad-ffffff.143x56.jpg
11565|081085bdbc462bea4e75ddc6972fe57b.pad-ffffff.143x56.jpg
206778|081085bdbc462bea4e75ddc6972fe57b.pad-ffffff.143x56.jpg
14112|081085bdbc462bea4e75ddc6972fe57b.pad-ffffff.143x56.jpg
11116|081085bdbc462bea4e75ddc6972fe57b.pad-ffffff.143x56.jpg
11924|081085bdbc462bea4e75ddc6972fe57b.pad-ffffff.143x56.jpg
14443|081085bdbc462bea4e75ddc6972fe57b.pad-ffffff.143x56.jpg
14719|081085bdbc462bea4e75ddc6972fe57b.pad-ffffff.143x56.jpg
250407|62bdc49e222e5e89b4103ab2437ef098.pad-ffffff.143x56.jpg
313389|40a487f8b87dde95d67138e131367d66.pad-ffffff.143x56.jpg
246723|531751ff84f97472d43097e47c5f22af.pad-ffffff.143x56.jpg
257846|7ca4f00dc01a95db75640dff429b5ca1.pad-ffffff.143x56.jpg
228547|4ff2208a109b732862ed5431a60a2db3.pad-ffffff.143x56.jpg
259271|1c71826f57243f0c45746ffd9b196f67.pad-ffffff.143x56.jpg
26660|6d1f1524d3a8a411d10c51688aafcb0d.pad-ffffff.143x56.jpg
260181|402541086795151780328ced6cfa8aa3.pad-ffffff.143x56.jpg
12059|081085bdbc462bea4e75ddc6972fe57b.pad-ffffff.143x56.jpg
23163|081085bdbc462bea4e75ddc6972fe57b.pad-ffffff.143x56.jpg
11805|081085bdbc462bea4e75ddc6972fe57b.pad-ffffff.143x56.jpg
13355|081085bdbc462bea4e75ddc6972fe57b.pad-ffffff.143x56.jpg
14666|081085bdbc462bea4e75ddc6972fe57b.pad-ffffff.143x56.jpg
23162|081085bdbc462bea4e75ddc6972fe57b.pad-ffffff.143x56.jpg
14843|081085bdbc462bea4e75ddc6972fe57b.pad-ffffff.143x56.jpg
13616|081085bdbc462bea4e75ddc6972fe57b.pad-ffffff.143x56.jpg
5276|c0386a39319ce69cfe0f7e6af064005b.pad-ffffff.143x56.jpg
10987|081085bdbc462bea4e75ddc6972fe57b.pad-ffffff.143x56.jpg
11410|081085bdbc462bea4e75ddc6972fe57b.pad-ffffff.143x56.jpg
206777|081085bdbc462bea4e75ddc6972fe57b.pad-ffffff.143x56.jpg
13438|081085bdbc462bea4e75ddc6972fe57b.pad-ffffff.143x56.jpg
12513|081085bdbc462bea4e75ddc6972fe57b.pad-ffffff.143x56.jpg
14222|081085bdbc462bea4e75ddc6972fe57b.pad-ffffff.143x56.jpg
14541|081085bdbc462bea4e75ddc6972fe57b.pad-ffffff.143x56.jpg
10730|081085bdbc462bea4e75ddc6972fe57b.pad-ffffff.143x56.jpg
11297|081085bdbc462bea4e75ddc6972fe57b.pad-ffffff.143x56.jpg
268735|8a527c9ec7396ceb0e4334199d501a9c.pad-ffffff.143x56.jpg
4861|d35cdd365039a59784a6af5a39e59be7.pad-ffffff.143x56.jpg
119844|b4fc6173194cb60616704d4deeb7c2de.pad-ffffff.143x56.jpg
5704|470382221b52bac0a8be2155d6037639.pad-ffffff.143x56.jpg
201766|6836e12479daeb8eeb374de47bc2b91e.pad-ffffff.143x56.jpg
14926|081085bdbc462bea4e75ddc6972fe57b.pad-ffffff.143x56.jpg
202115|b059be939903503f3d5e01d539318625.pad-ffffff.143x56.jpg
11505|9ccd16360103c5dc86d81a2dd303c1a1.pad-ffffff.143x56.jpg
13697|081085bdbc462bea4e75ddc6972fe57b.pad-ffffff.143x56.jpg
16160|53eaeeb2f39aab0eb53af208c122688f.pad-ffffff.143x56.jpg
223185|143x56.gif
14968|081085bdbc462bea4e75ddc6972fe57b.pad-ffffff.143x56.jpg
162411|2ead82d69182f75564265453d3a03835.pad-ffffff.143x56.jpg
254568|918af8f2a9703798a3f93cb455d8da67.pad-ffffff.143x56.jpg
240866|35f3573af41f7e0fcd16606e1ddeb371.pad-ffffff.143x56.jpg
272219|d88800887347e7d5cab4024f1f1a83ef.pad-ffffff.143x56.jpg
263931|54577765f0c4c7ed6e30c4f1541c51c3.pad-ffffff.143x56.jpg
271708|8fd5b4d0ba3c557e62109c223e47cb92.pad-ffffff.143x56.jpg
12368|081085bdbc462bea4e75ddc6972fe57b.pad-ffffff.143x56.jpg
12947|081085bdbc462bea4e75ddc6972fe57b.pad-ffffff.143x56.jpg
10602|081085bdbc462bea4e75ddc6972fe57b.pad-ffffff.143x56.jpg
10469|081085bdbc462bea4e75ddc6972fe57b.pad-ffffff.143x56.jpg
10852|081085bdbc462bea4e75ddc6972fe57b.pad-ffffff.143x56.jpg
21474|081085bdbc462bea4e75ddc6972fe57b.pad-ffffff.143x56.jpg
14291|081085bdbc462bea4e75ddc6972fe57b.pad-ffffff.143x56.jpg
14491|081085bdbc462bea4e75ddc6972fe57b.pad-ffffff.143x56.jpg
14785|081085bdbc462bea4e75ddc6972fe57b.pad-ffffff.143x56.jpg
205115|581a5607843c3c67de93ec433abf3c09.pad-ffffff.143x56.jpg
121556|84b95878e8e305c7f3f8294d397d7855.pad-ffffff.143x56.jpg
218192|5d744f7f318c229d9c153021c080b94e.pad-ffffff.143x56.jpg
201455|0b33f31e09ec28f5b8ebede61dee236d.pad-ffffff.143x56.jpg
280525|a808241f86bcdfd734ad65735aa21d69.pad-ffffff.143x56.jpg
14162|081085bdbc462bea4e75ddc6972fe57b.pad-ffffff.143x56.jpg
14882|081085bdbc462bea4e75ddc6972fe57b.pad-ffffff.143x56.jpg
10626|7959178c6d0df6b937b57ff8b1ad679f.pad-ffffff.143x56.jpg
10323|081085bdbc462bea4e75ddc6972fe57b.pad-ffffff.143x56.jpg
201419|ddd0e98574d7be802fbf188abdf4bcf0.pad-ffffff.143x56.jpg
179558|e7a4e513de377753ca5ff3a252fc9890.pad-ffffff.143x56.jpg
217086|081085bdbc462bea4e75ddc6972fe57b.pad-ffffff.143x56.jpg
13211|081085bdbc462bea4e75ddc6972fe57b.pad-ffffff.143x56.jpg
12223|081085bdbc462bea4e75ddc6972fe57b.pad-ffffff.143x56.jpg
13936|081085bdbc462bea4e75ddc6972fe57b.pad-ffffff.143x56.jpg
13516|081085bdbc462bea4e75ddc6972fe57b.pad-ffffff.143x56.jpg
246296|26c2b18bd52debcec623b8ef4187e4e1.pad-ffffff.143x56.jpg
15004|081085bdbc462bea4e75ddc6972fe57b.pad-ffffff.143x56.jpg
14760|081085bdbc462bea4e75ddc6972fe57b.pad-ffffff.143x56.jpg
14049|081085bdbc462bea4e75ddc6972fe57b.pad-ffffff.143x56.jpg
14336|081085bdbc462bea4e75ddc6972fe57b.pad-ffffff.143x56.jpg
12807|081085bdbc462bea4e75ddc6972fe57b.pad-ffffff.143x56.jpg
13647|081085bdbc462bea4e75ddc6972fe57b.pad-ffffff.143x56.jpg
26068|081085bdbc462bea4e75ddc6972fe57b.pad-ffffff.143x56.jpg
13081|081085bdbc462bea4e75ddc6972fe57b.pad-ffffff.143x56.jpg
193184|42c3558abb92e29aafa823eaea2f2447.pad-ffffff.143x56.jpg
269477|4b483cf51e042227050dae875461d3bb.pad-ffffff.143x56.jpg
18329|d9c60ca09153af921141c006bb00fd77.pad-ffffff.143x56.jpg
202434|c06e7a812a81bcb3c69e71f35077dcf5.pad-ffffff.143x56.jpg
119729|e7546838e50fb49ba1b2fb426f1646cb.pad-ffffff.143x56.jpg
10553|41fbd86c7db6c4d58f2d0d4f3401ca3b.pad-ffffff.143x56.jpg
3595|64507e5837046480a3d7b9e9ec9c8793.pad-ffffff.143x56.jpg
220359|4d27905f985255b52c87c7c5f8984856.pad-ffffff.143x56.jpg
29029|53eaeeb2f39aab0eb53af208c122688f.pad-ffffff.143x56.jpg
8003|6fd1c691357700a191ebf52adadbddb3.pad-ffffff.143x56.jpg
27205|42c3558abb92e29aafa823eaea2f2447.pad-ffffff.143x56.jpg
282741|f9486fa5bc74bdfa9da7bc22f44ddee7.pad-ffffff.143x56.jpg
26953|143x56.gif
231331|d9c60ca09153af921141c006bb00fd77.pad-ffffff.143x56.jpg
14284|3c4224cb7cdc6838e083313de66972c9.pad-ffffff.143x56.jpg
27074|143x56.gif
265814|c5e17fe19a6464ad2adf4c7d9822c243.pad-ffffff.143x56.jpg
8643|738e19d2bb49c74aa7550bfaf1561074.pad-ffffff.143x56.jpg
4451|3de714b1f24efe7337d8a96d3fc7cddd.pad-ffffff.143x56.jpg
5183|2007251085fce6462e7bee62c87ba73b.pad-ffffff.143x56.jpg
11372|f64f15a602dd2f2037ba7ad8a3cf2521.pad-ffffff.143x56.jpg
121438|f6733b0d3dee502f84f5330fd342af96.pad-ffffff.143x56.jpg
23835|d56cd19c5e84c51f6257f2090f884609.pad-ffffff.143x56.jpg
281386|4d27905f985255b52c87c7c5f8984856.pad-ffffff.143x56.jpg
14591|081085bdbc462bea4e75ddc6972fe57b.pad-ffffff.143x56.jpg
11945|53eaeeb2f39aab0eb53af208c122688f.pad-ffffff.143x56.jpg
354|b1ae5fad8bb9e908cbb7cd139393d32d.pad-ffffff.143x56.jpg
8681|143x56.gif
122504|bddeafad460155cdaadc4f8dfbcbb0fc.pad-ffffff.143x56.jpg
16240|53eaeeb2f39aab0eb53af208c122688f.pad-ffffff.143x56.jpg
185435|ee2f86a0151dbde6f6d5ff0f1ca756ec.pad-ffffff.143x56.jpg
12440|53eaeeb2f39aab0eb53af208c122688f.pad-ffffff.143x56.jpg
14138|53eaeeb2f39aab0eb53af208c122688f.pad-ffffff.143x56.jpg
15740|53eaeeb2f39aab0eb53af208c122688f.pad-ffffff.143x56.jpg
28409|143x56.gif
204891|143x56.gif
264814|143x56.gif
5508|42c3558abb92e29aafa823eaea2f2447.pad-ffffff.143x56.jpg
13507|f7f53fd6365eb7f98086809af04cbf77.pad-ffffff.143x56.jpg
15511|145f0627acb17ba9691eec4d01ae89d2.pad-ffffff.143x56.jpg
9026|738e19d2bb49c74aa7550bfaf1561074.pad-ffffff.143x56.jpg
15315|1c44ad5eb6400ab1b4feb56d206a7509.pad-ffffff.143x56.jpg
18813|66faa86fe2188d12765ae7f76d237006.pad-ffffff.143x56.jpg
4248|f0eb34668387941400411b2a2ff1b691.pad-ffffff.143x56.jpg
344151|59433c30489dec205f8ec721452adaa2.pad-ffffff.143x56.jpg
4517|d1447686f7236f18fbf1c0e8d0438f0d.pad-ffffff.143x56.jpg
208052|143x56.gif
1207|c239d85cac2813f5e22b7a68a34d5f27.pad-ffffff.143x56.jpg
9054|143x56.gif
28411|f1d39772a35adc2cfee49e47c9955b72.pad-ffffff.143x56.jpg
121179|a33d3fd34e300f0726933b33db7fe2ee.pad-ffffff.143x56.jpg
24537|64507e5837046480a3d7b9e9ec9c8793.pad-ffffff.143x56.jpg
6658|143x56.gif
6631|42c3558abb92e29aafa823eaea2f2447.pad-ffffff.143x56.jpg
331627|056c337424e1dab50c864f032a14a813.pad-ffffff.143x56.jpg
6104|5c2135f5a1d9709757b7db7133420fcd.pad-ffffff.143x56.jpg
344149|59433c30489dec205f8ec721452adaa2.pad-ffffff.143x56.jpg
9856|b4fc6173194cb60616704d4deeb7c2de.pad-ffffff.143x56.jpg
18647|817f36349d3ffbc003c76563257ae121.pad-ffffff.143x56.jpg
243717|9c8294f38d796ac9fc5e3a6c8520f01d.pad-ffffff.143x56.jpg
14967|99c265fb1cb4619355c830f74fdfcf2e.pad-ffffff.143x56.jpg
340036|05fbe36c981ff5fa6c077cfa2e11d94e.pad-ffffff.143x56.jpg
16026|53eaeeb2f39aab0eb53af208c122688f.pad-ffffff.143x56.jpg
24817|143x56.gif
25361|143x56.gif
4689|143x56.gif
11221|8b7f45b424af9c8e4972873385363caf.pad-ffffff.143x56.jpg
179264|ee2f86a0151dbde6f6d5ff0f1ca756ec.pad-ffffff.143x56.jpg
26694|53eaeeb2f39aab0eb53af208c122688f.pad-ffffff.143x56.jpg
12537|53eaeeb2f39aab0eb53af208c122688f.pad-ffffff.143x56.jpg
123201|143x56.gif
24842|53eaeeb2f39aab0eb53af208c122688f.pad-ffffff.143x56.jpg
168014|143x56.gif
26646|143x56.gif
26259|143x56.gif
4934|143x56.gif
9654|143x56.gif
9955|c8940ccb990638a31dfd07ca6227f448.pad-ffffff.143x56.jpg
9508|b4fc6173194cb60616704d4deeb7c2de.pad-ffffff.143x56.jpg
3192|64507e5837046480a3d7b9e9ec9c8793.pad-ffffff.143x56.jpg
21677|ea2882eda455492b470a92f5d026eee2.pad-ffffff.143x56.jpg
172292|a73b3dd528aea118844bad07b6881b1f.pad-ffffff.143x56.jpg
216461|f3256532aa0534eb5078a079fcd76b45.pad-ffffff.143x56.jpg
213123|9556a4f09bb39e58b35c142ce221cf0b.pad-ffffff.143x56.jpg
184545|84a8d9751a9eab029b7503589d8a897e.pad-ffffff.143x56.jpg
240865|143x56.gif
112125|18cf3998906d1cbe27ed2d1a1f123115.pad-ffffff.143x56.jpg
111718|143x56.gif
395839|167b741a0abaf4bdb00774803e4d9866.pad-ffffff.143x56.jpg
14639|53eaeeb2f39aab0eb53af208c122688f.pad-ffffff.143x56.jpg
26265|774826bd5c41e0c86f01c7c960ca9b39.pad-ffffff.143x56.jpg
174095|a7d548fef9880ee351d3ec42cfbbbbc2.pad-ffffff.143x56.jpg
14645|081085bdbc462bea4e75ddc6972fe57b.pad-ffffff.143x56.jpg
2960|64507e5837046480a3d7b9e9ec9c8793.pad-ffffff.143x56.jpg
123001|b4fc6173194cb60616704d4deeb7c2de.pad-ffffff.143x56.jpg
3057|64507e5837046480a3d7b9e9ec9c8793.pad-ffffff.143x56.jpg
1409|aa88341e0c3fb0d5743c76b678d187be.pad-ffffff.143x56.jpg
5331|0e3c7ecfa1df92455ec45721d8005184.pad-ffffff.143x56.jpg
245769|ebc3434eb806a8891b8a2785e2ba3a10.pad-ffffff.143x56.jpg
1010|5cc1d167ace4399b11660ebf9a3f9009.pad-ffffff.143x56.jpg
6853|66faa86fe2188d12765ae7f76d237006.pad-ffffff.143x56.jpg
10728|b4fc6173194cb60616704d4deeb7c2de.pad-ffffff.143x56.jpg
360872|25a96f7ad5ce3f79f260a55ae98e5372.pad-ffffff.143x56.jpg
332500|6ed00b91025ae72b8758979858bf1bf7.pad-ffffff.143x56.jpg
247758|b4fc6173194cb60616704d4deeb7c2de.pad-ffffff.143x56.jpg
279114|b4fc6173194cb60616704d4deeb7c2de.pad-ffffff.143x56.jpg
238585|d9c60ca09153af921141c006bb00fd77.pad-ffffff.143x56.jpg
1332|d9c60ca09153af921141c006bb00fd77.pad-ffffff.143x56.jpg
12925|a33d3fd34e300f0726933b33db7fe2ee.pad-ffffff.143x56.jpg
267567|317fb1fad9daaf5bd0f93986120e4ebe.pad-ffffff.143x56.jpg
365245|0ee2ceae071dec1ddd453158600d909f.pad-ffffff.143x56.jpg
12976|a33d3fd34e300f0726933b33db7fe2ee.pad-ffffff.143x56.jpg
6195|e368650bec765b95dd86ac0fe1c08a1a.pad-ffffff.143x56.jpg
13278|0fa28202c1a2f6779c5ac66fb7353ae7.pad-ffffff.143x56.jpg
5924|251ede36a57fc6fd8dd7ed47027c57a0.pad-ffffff.143x56.jpg
8753|db467efc9b35049e6462b9234f520a43.pad-ffffff.143x56.jpg
11929|bc09ed657da694bca7f575fd5b75a4b5.pad-ffffff.143x56.jpg
25096|18cf3998906d1cbe27ed2d1a1f123115.pad-ffffff.143x56.jpg
167763|4d27905f985255b52c87c7c5f8984856.pad-ffffff.143x56.jpg
120412|bddeafad460155cdaadc4f8dfbcbb0fc.pad-ffffff.143x56.jpg
16140|53eaeeb2f39aab0eb53af208c122688f.pad-ffffff.143x56.jpg
14701|53eaeeb2f39aab0eb53af208c122688f.pad-ffffff.143x56.jpg
22776|5e448d27267410e28165b172d4017725.pad-ffffff.143x56.jpg
13475|143x56.gif
219798|143x56.gif
26705|143x56.gif
4069|143x56.gif
272212|d6474d655678b93218e4b93cbe41e7c0.pad-ffffff.143x56.jpg
233344|143x56.gif
17499|143x56.gif
4095|143x56.gif
4047|143x56.gif
123200|143x56.gif
121511|143x56.gif
10185|143x56.gif
409948|128a463cb0da5a0621e62d45b411a34a.pad-ffffff.143x56.jpg
392207|4a2c824010f64b743d243ac2b558c3dd.pad-ffffff.143x56.jpg
344238|59433c30489dec205f8ec721452adaa2.pad-ffffff.143x56.jpg
18811|66faa86fe2188d12765ae7f76d237006.pad-ffffff.143x56.jpg
333619|1c9b71a9fde97d9cd48fd8a493ea6f93.pad-ffffff.143x56.jpg
277283|4d27905f985255b52c87c7c5f8984856.pad-ffffff.143x56.jpg
13177|143x56.gif
25411|98bc654683cf63a12816bf6c96b35aa5.pad-ffffff.143x56.jpg
1892|143x56.gif
410021|143x56.gif
5494|143x56.gif
240718|ec97cc73ac383dcad1c91320a80f2766.pad-ffffff.143x56.jpg
222711|2545b6fedaa23742da25bc04fe9f1646.pad-ffffff.143x56.jpg
9651|c300fb90f9302c93bdb801878a447ee3.pad-ffffff.143x56.jpg
9068|143x56.gif
10571|143x56.gif
9235|b4fc6173194cb60616704d4deeb7c2de.pad-ffffff.143x56.jpg
25219|b4fc6173194cb60616704d4deeb7c2de.pad-ffffff.143x56.jpg
175098|5cc1d167ace4399b11660ebf9a3f9009.pad-ffffff.143x56.jpg
2892|64507e5837046480a3d7b9e9ec9c8793.pad-ffffff.143x56.jpg
6231|5ce6f1d95bd33685bb6fed032bb41892.pad-ffffff.143x56.jpg
9485|3d10c1c77b9bc81c198b3e788b431451.pad-ffffff.143x56.jpg
206713|4d27905f985255b52c87c7c5f8984856.pad-ffffff.143x56.jpg
112391|921a2ab9baa3291f095978473e3a8c18.pad-ffffff.143x56.jpg
15153|18cf3998906d1cbe27ed2d1a1f123115.pad-ffffff.143x56.jpg
274356|143x56.gif
16112|67a6e68601ee4b3912a05dd4ca2837de.pad-ffffff.143x56.jpg
5994|143x56.gif
230014|e7d92d8208b8b77188abe7869a6653ef.pad-ffffff.143x56.jpg
120610|e14c608b287e967b5613a3803a5e1323.pad-ffffff.143x56.jpg
240373|a5017b8eeced76821ba58d55442ee8f5.pad-ffffff.143x56.jpg
344150|59433c30489dec205f8ec721452adaa2.pad-ffffff.143x56.jpg
119340|4d27905f985255b52c87c7c5f8984856.pad-ffffff.143x56.jpg
7296|143x56.gif
12339|18cf3998906d1cbe27ed2d1a1f123115.pad-ffffff.143x56.jpg
215127|188b9dfc570667a3f0eca8ce29ed5203.pad-ffffff.143x56.jpg
333654|143x56.gif
13407|5e448d27267410e28165b172d4017725.pad-ffffff.143x56.jpg
10573|b4fc6173194cb60616704d4deeb7c2de.pad-ffffff.143x56.jpg
121222|bddeafad460155cdaadc4f8dfbcbb0fc.pad-ffffff.143x56.jpg
229347|143x56.gif
230941|f801ba4eeb995fca9616875e6ae69883.pad-ffffff.143x56.jpg
13606|53eaeeb2f39aab0eb53af208c122688f.pad-ffffff.143x56.jpg
27192|143x56.gif
3007|29fd152ec06d0d9985846d71100aa0f8.pad-ffffff.143x56.jpg
5881|42c3558abb92e29aafa823eaea2f2447.pad-ffffff.143x56.jpg
179351|143x56.gif
6004|66faa86fe2188d12765ae7f76d237006.pad-ffffff.143x56.jpg
254394|9f13ae064626edea029d0e234f891b94.pad-ffffff.143x56.jpg
318574|4d27905f985255b52c87c7c5f8984856.pad-ffffff.143x56.jpg
9254|143x56.gif
18036|143x56.gif
252580|143x56.gif
348224|143x56.gif
9827|143x56.gif
160217|64507e5837046480a3d7b9e9ec9c8793.pad-ffffff.143x56.jpg
26710|64507e5837046480a3d7b9e9ec9c8793.pad-ffffff.143x56.jpg
392219|e809f029fb56bd6343af7e321060113f.pad-ffffff.143x56.jpg
158042|e1744903d8465edbe808a16ac949edc0.pad-ffffff.143x56.jpg
10091|b4fc6173194cb60616704d4deeb7c2de.pad-ffffff.143x56.jpg
2942|403a7ccb7924fb78cc1004519f611a30.pad-ffffff.143x56.jpg
5338|66faa86fe2188d12765ae7f76d237006.pad-ffffff.143x56.jpg
363633|4d27905f985255b52c87c7c5f8984856.pad-ffffff.143x56.jpg
187663|4d27905f985255b52c87c7c5f8984856.pad-ffffff.143x56.jpg
8465|143x56.gif
23085|b7913e71012c593a10c56d8d71881e21.pad-ffffff.143x56.jpg
164968|4b2cc1b528c9cd915f4c24f8fd916208.pad-ffffff.143x56.jpg
339584|4d27905f985255b52c87c7c5f8984856.pad-ffffff.143x56.jpg
15969|53eaeeb2f39aab0eb53af208c122688f.pad-ffffff.143x56.jpg
15931|53eaeeb2f39aab0eb53af208c122688f.pad-ffffff.143x56.jpg
8825|61d4a1b11d98ea7257c04c3da65645c7.pad-ffffff.143x56.jpg
219058|4d27905f985255b52c87c7c5f8984856.pad-ffffff.143x56.jpg
26903|5ce6f1d95bd33685bb6fed032bb41892.pad-ffffff.143x56.jpg
15656|b4fc6173194cb60616704d4deeb7c2de.pad-ffffff.143x56.jpg
119927|5ce6f1d95bd33685bb6fed032bb41892.pad-ffffff.143x56.jpg
15628|b4fc6173194cb60616704d4deeb7c2de.pad-ffffff.143x56.jpg
234975|4ea73f16a4801906eb06f482e0b1b8f8.pad-ffffff.143x56.jpg
27198|143x56.gif
28922|143x56.gif
11915|143x56.gif
8756|143x56.gif
24959|143x56.gif
9761|7b6f4925657ee52cfc8f23428af1afe3.pad-ffffff.143x56.jpg
190416|143x56.gif
1756|64507e5837046480a3d7b9e9ec9c8793.pad-ffffff.143x56.jpg
3521|64507e5837046480a3d7b9e9ec9c8793.pad-ffffff.143x56.jpg
4409|e14c608b287e967b5613a3803a5e1323.pad-ffffff.143x56.jpg
1703|64507e5837046480a3d7b9e9ec9c8793.pad-ffffff.143x56.jpg
121118|64507e5837046480a3d7b9e9ec9c8793.pad-ffffff.143x56.jpg
12729|a33d3fd34e300f0726933b33db7fe2ee.pad-ffffff.143x56.jpg
123034|93d9a4d6f5c7d8718dae8d986fbd2b90.pad-ffffff.143x56.jpg
4743|9c93ea2b3e172fc67b4769f2dab5e56a.pad-ffffff.143x56.jpg
13733|dfac97c9aec6f2bc281b6dd35463d5bb.pad-ffffff.143x56.jpg
15926|53eaeeb2f39aab0eb53af208c122688f.pad-ffffff.143x56.jpg
179269|ee2f86a0151dbde6f6d5ff0f1ca756ec.pad-ffffff.143x56.jpg
112321|18cf3998906d1cbe27ed2d1a1f123115.pad-ffffff.143x56.jpg
181000|143x56.gif
121776|143x56.gif
308466|143x56.gif
9115|143x56.gif
4893|143x56.gif
211614|f77ae336d567a7d7dd8b6c8ac48747ff.pad-ffffff.143x56.jpg
5603|143x56.gif
333846|e188aa87027ca7f58ece0554501220a2.pad-ffffff.143x56.jpg
7861|53961c6351d2ab2af403de303c1dda01.pad-ffffff.143x56.jpg
266352|ddb290288163146be7318417b12de37f.pad-ffffff.143x56.jpg
9152|f25715ed333d48a9b8fe088bc139366f.pad-ffffff.143x56.jpg
227200|5e448d27267410e28165b172d4017725.pad-ffffff.143x56.jpg
9466|5ce6f1d95bd33685bb6fed032bb41892.pad-ffffff.143x56.jpg
9875|2fe6be359557c082b92eec4df001a633.pad-ffffff.143x56.jpg
299483|ee910f9752bf3e4acb7722bc42d5836d.pad-ffffff.143x56.jpg
9077|143x56.gif
11201|b64588e4b1c08914151fd06773ce613d.pad-ffffff.143x56.jpg
254608|1d120c7b1d77c5c1067ab284defdeba1.pad-ffffff.143x56.jpg
161759|5b395a7af4a29931c8796a8d9d59d493.pad-ffffff.143x56.jpg
344232|59433c30489dec205f8ec721452adaa2.pad-ffffff.143x56.jpg
274146|09bef342da04899bb7dbd91c7c5b46ef.pad-ffffff.143x56.jpg
2466|53eaeeb2f39aab0eb53af208c122688f.pad-ffffff.143x56.jpg
320072|4d27905f985255b52c87c7c5f8984856.pad-ffffff.143x56.jpg
119690|27956e41a5a071f53a2f9e17422e55fc.pad-ffffff.143x56.jpg
28435|fa64914ab2888cdf281a18591faa2ad1.pad-ffffff.143x56.jpg
6432|90f6926c74ffc51674c87e8d071df100.pad-ffffff.143x56.jpg
279310|67244678adff0c78d3a80ec941942afd.pad-ffffff.143x56.jpg
231786|f09e27fecba7a009f3dee77393daed64.pad-ffffff.143x56.jpg
410928|bd1b7d4a38269b605b5b9f77109504ed.pad-ffffff.143x56.jpg
261078|fd52cac514701be8ddb589a25638ba53.pad-ffffff.143x56.jpg
218196|972632f4bebe87f8ea2e4bc8f0755521.pad-ffffff.143x56.jpg
237347|5ce6f1d95bd33685bb6fed032bb41892.pad-ffffff.143x56.jpg
192610|68dd528fbc5168e4f0b748cff41cacd2.pad-ffffff.143x56.jpg
1951|64507e5837046480a3d7b9e9ec9c8793.pad-ffffff.143x56.jpg
9444|b4fc6173194cb60616704d4deeb7c2de.pad-ffffff.143x56.jpg
9742|b4fc6173194cb60616704d4deeb7c2de.pad-ffffff.143x56.jpg
344233|59433c30489dec205f8ec721452adaa2.pad-ffffff.143x56.jpg
12844|a33d3fd34e300f0726933b33db7fe2ee.pad-ffffff.143x56.jpg
8986|626ba09f437e93b1bb261e639dd57ce1.pad-ffffff.143x56.jpg
8646|143x56.gif
5774|6ec64a0fc894795db3e86eecf92a6d2b.pad-ffffff.143x56.jpg
219817|4d27905f985255b52c87c7c5f8984856.pad-ffffff.143x56.jpg
343071|143x56.gif
8330|bd60c1d0fca86614a4e5eaa4e863ccfd.pad-ffffff.143x56.jpg
302462|425edb9d299d97c0a62e7cd869da9a88.pad-ffffff.143x56.jpg
29494|6e6e3fa63c2424808c674c51c9e11e39.pad-ffffff.143x56.jpg
29241|f801ba4eeb995fca9616875e6ae69883.pad-ffffff.143x56.jpg
9802|dceadd4b3629777316a34fee376b6c8d.pad-ffffff.143x56.jpg
212444|5ce6f1d95bd33685bb6fed032bb41892.pad-ffffff.143x56.jpg
11230|53eaeeb2f39aab0eb53af208c122688f.pad-ffffff.143x56.jpg
209203|4d27905f985255b52c87c7c5f8984856.pad-ffffff.143x56.jpg
26171|53eaeeb2f39aab0eb53af208c122688f.pad-ffffff.143x56.jpg
11710|b4fc6173194cb60616704d4deeb7c2de.pad-ffffff.143x56.jpg
275605|4257680a5e28954e721914f21ad32a73.pad-ffffff.143x56.jpg
6898|143x56.gif
1449|aa88341e0c3fb0d5743c76b678d187be.pad-ffffff.143x56.jpg
25049|cc13ca5d28355f20c0547f1102aa39d2.pad-ffffff.143x56.jpg
112423|2de92b5e146ac71ddd10f1142a65a87b.pad-ffffff.143x56.jpg
9867|5ce6f1d95bd33685bb6fed032bb41892.pad-ffffff.143x56.jpg
12595|2de92b5e146ac71ddd10f1142a65a87b.pad-ffffff.143x56.jpg
257841|4d27905f985255b52c87c7c5f8984856.pad-ffffff.143x56.jpg
380948|283aef2b1b6c9aa048d84460282efbf1.pad-ffffff.143x56.jpg
197811|143x56.gif
12287|143x56.gif
290986|143x56.gif
5277|143x56.gif
417093|143x56.gif
122430|b691d3172996401b11dcc464639d4bfa.pad-ffffff.143x56.jpg
372926|20c13d01180bf51d19f8551de06c6e07.pad-ffffff.143x56.jpg
192437|d8afd52f3e1e66a6284cd280d7a69809.pad-ffffff.143x56.jpg
12455|0fa28202c1a2f6779c5ac66fb7353ae7.pad-ffffff.143x56.jpg
398832|6ceeb6f2454d17533afb66f218c6996d.pad-ffffff.143x56.jpg
357492|f25715ed333d48a9b8fe088bc139366f.pad-ffffff.143x56.jpg
335337|5ce6f1d95bd33685bb6fed032bb41892.pad-ffffff.143x56.jpg
112052|5ce6f1d95bd33685bb6fed032bb41892.pad-ffffff.143x56.jpg
12258|5e448d27267410e28165b172d4017725.pad-ffffff.143x56.jpg
7135|143x56.gif
238779|143x56.gif
23301|53eaeeb2f39aab0eb53af208c122688f.pad-ffffff.143x56.jpg
26162|143x56.gif
6812|143x56.gif
279363|64507e5837046480a3d7b9e9ec9c8793.pad-ffffff.143x56.jpg
208055|143x56.gif
121191|143x56.gif
1728|64507e5837046480a3d7b9e9ec9c8793.pad-ffffff.143x56.jpg
183641|0fe52a60bb98fbc5a9ca3d77ce3d7b36.pad-ffffff.143x56.jpg
24378|53eaeeb2f39aab0eb53af208c122688f.pad-ffffff.143x56.jpg
120622|143x56.gif
15847|53eaeeb2f39aab0eb53af208c122688f.pad-ffffff.143x56.jpg
14196|53eaeeb2f39aab0eb53af208c122688f.pad-ffffff.143x56.jpg
218028|1fbb904730bfb13d72a1d5591598951f.pad-ffffff.143x56.jpg
252578|143x56.gif
314736|6ff176526656aceaf5bd0e51fe823b83.pad-ffffff.143x56.jpg
5610|143x56.gif
190996|dfac97c9aec6f2bc281b6dd35463d5bb.pad-ffffff.143x56.jpg
11223|143x56.gif
321721|9d4f89ca713aad09205e454f7a43dc97.pad-ffffff.143x56.jpg
248338|5ce6f1d95bd33685bb6fed032bb41892.pad-ffffff.143x56.jpg
6594|143x56.gif
370384|143x56.gif
7062|5a26a88944dbb7765cc78d0524bf4d41.pad-ffffff.143x56.jpg
311276|59795a289c8a287256a0e4124a92c5ae.pad-ffffff.143x56.jpg
1497|b2f64a292508dcb00c52afb0e1af1af2.pad-ffffff.143x56.jpg
220712|143x56.gif
10807|cbe8b2728dc97e3974046f9374cecbe3.pad-ffffff.143x56.jpg
5140|143x56.gif
17873|5ce6f1d95bd33685bb6fed032bb41892.pad-ffffff.143x56.jpg
26820|53eaeeb2f39aab0eb53af208c122688f.pad-ffffff.143x56.jpg
404383|143x56.gif
211035|4570d0b2ad355f0e84a323e49239f4e1.pad-ffffff.143x56.jpg
8463|f175f3c36ac011dbdfc457a504f6db8b.pad-ffffff.143x56.jpg
4813|143x56.gif
7503|143x56.gif
12796|a33d3fd34e300f0726933b33db7fe2ee.pad-ffffff.143x56.jpg
12992|143x56.gif
320316|4d27905f985255b52c87c7c5f8984856.pad-ffffff.143x56.jpg
179895|4d27905f985255b52c87c7c5f8984856.pad-ffffff.143x56.jpg
28402|6b66e957dd859f62ded852c9321a202d.pad-ffffff.143x56.jpg
12954|143x56.gif
7045|143x56.gif
5480|143x56.gif
26704|143x56.gif
8946|738e19d2bb49c74aa7550bfaf1561074.pad-ffffff.143x56.jpg
26175|2e37a0e04493c5ef430aebf675376e7d.pad-ffffff.143x56.jpg
12790|f25715ed333d48a9b8fe088bc139366f.pad-ffffff.143x56.jpg
4892|f2bbe0bd47ef4a91c97a73a4099d148c.pad-ffffff.143x56.jpg
9979|b4fc6173194cb60616704d4deeb7c2de.pad-ffffff.143x56.jpg
175893|143x56.gif
423|3148baa7765e97a76bf83cab5123c34c.pad-ffffff.143x56.jpg
327160|cb7d6c5a6a92d3de599d348a101ef7b0.pad-ffffff.143x56.jpg
2579|64507e5837046480a3d7b9e9ec9c8793.pad-ffffff.143x56.jpg
32|53eaeeb2f39aab0eb53af208c122688f.pad-ffffff.143x56.jpg
350296|27956e41a5a071f53a2f9e17422e55fc.pad-ffffff.143x56.jpg
10081|3865c2039e0debfb7b75ec63f82973f3.pad-ffffff.143x56.jpg
417696|edae53190b9b28c617150edfa17edaf4.pad-ffffff.143x56.jpg
9988|143x56.gif
19738|4d27905f985255b52c87c7c5f8984856.pad-ffffff.143x56.jpg
27096|e76b26d043535a459170e1f2286fc21b.pad-ffffff.143x56.jpg
413062|581d4b08f7d0bf6b88089b68531c5667.pad-ffffff.143x56.jpg
15164|21e8fa7606d946a9378718b3129a3498.pad-ffffff.143x56.jpg
3296|66faa86fe2188d12765ae7f76d237006.pad-ffffff.143x56.jpg
21009|143x56.gif
246876|4d27905f985255b52c87c7c5f8984856.pad-ffffff.143x56.jpg
11002|5ce6f1d95bd33685bb6fed032bb41892.pad-ffffff.143x56.jpg
6561|08992d426c8696507daf3344490063b1.pad-ffffff.143x56.jpg
10415|143x56.gif
12052|e53d11d2a58c82121f5820be7137bbcd.pad-ffffff.143x56.jpg
10492|c54bf67df6bfad63b78bdf5206669d1b.pad-ffffff.143x56.jpg
341407|3473428ee08d15381d4765276f2317c7.pad-ffffff.143x56.jpg
11851|f25715ed333d48a9b8fe088bc139366f.pad-ffffff.143x56.jpg
53961|143x56.gif
292778|b4fc6173194cb60616704d4deeb7c2de.pad-ffffff.143x56.jpg
26415|130435343d4a7c293e357c2c3fbafa5e.pad-ffffff.143x56.jpg
15522|53eaeeb2f39aab0eb53af208c122688f.pad-ffffff.143x56.jpg
6363|143x56.gif
376806|e438784065c6c9629b0abae4dda8cd57.pad-ffffff.143x56.jpg
6381|ef337ebfb5b78b632ea34fe387869bbf.pad-ffffff.143x56.jpg
233983|5a86e17842bc479c2a1854e45b45d52f.pad-ffffff.143x56.jpg
218644|02c08b385866fb750f3fc1d1ff5879a6.pad-ffffff.143x56.jpg
219865|acf94b4e45b40e0deae6c4493c71ecbe.pad-ffffff.143x56.jpg
10181|b4fc6173194cb60616704d4deeb7c2de.pad-ffffff.143x56.jpg
9042|3fa78616b7ae6bd3ec9096c5e1d04d30.pad-ffffff.143x56.jpg
10280|b4fc6173194cb60616704d4deeb7c2de.pad-ffffff.143x56.jpg
105|11b4d399e6bd410d0570a0d908f98296.pad-ffffff.143x56.jpg
10660|fedb90622f3346a61d02c090f371cfb5.pad-ffffff.143x56.jpg
13221|6f0ec5d4bba12d6ea9b9a5d6187707e4.pad-ffffff.143x56.jpg
15213|53eaeeb2f39aab0eb53af208c122688f.pad-ffffff.143x56.jpg
359357|8913f93a5e9646945fc0a8b1b4331680.pad-ffffff.143x56.jpg
1250|c239d85cac2813f5e22b7a68a34d5f27.pad-ffffff.143x56.jpg
15231|93623959c04e619e1e21d6fdd6d870f1.pad-ffffff.143x56.jpg
392747|d257be21d36cc978638b92fa4311c8a0.pad-ffffff.143x56.jpg
111917|5e74654890aee4f3d04d57901e785d22.pad-ffffff.143x56.jpg
26759|143x56.gif
307592|27956e41a5a071f53a2f9e17422e55fc.pad-ffffff.143x56.jpg
253589|4d27905f985255b52c87c7c5f8984856.pad-ffffff.143x56.jpg
26080|ef875876aafcf50458b0bd0568138c5a.pad-ffffff.143x56.jpg
123396|ad1759f18b781d19198fcb1e161e81fc.pad-ffffff.143x56.jpg
4249|a57d22d77e240028e5c3a5e79c7bfc26.pad-ffffff.143x56.jpg
315900|c6d59c3e0aeb37173f887781ebc55666.pad-ffffff.143x56.jpg
243172|0cd9e22ff543988391a38ecb05a02a1b.pad-ffffff.143x56.jpg
382178|a47ae9cedc0b50cf97f6d15912c0ceda.pad-ffffff.143x56.jpg
273872|d2798bbbbe7da90d1b5046c067b25731.pad-ffffff.143x56.jpg
122342|2c1454debce393a75e6c79228a8fddf6.pad-ffffff.143x56.jpg
206857|a769819ae2bc0bdfdbacfb6571ba3350.pad-ffffff.143x56.jpg
8871|738e19d2bb49c74aa7550bfaf1561074.pad-ffffff.143x56.jpg
