agencyId|agencySmallImgName
14541|081085bdbc462bea4e75ddc6972fe57b.pad-ffffff.100x40.jpg
11701|431e0f2b26a2d2e0a48f89efdbd0ca52.pad-ffffff.100x40.jpg
13820|081085bdbc462bea4e75ddc6972fe57b.pad-ffffff.100x40.jpg
14291|081085bdbc462bea4e75ddc6972fe57b.pad-ffffff.100x40.jpg
14336|081085bdbc462bea4e75ddc6972fe57b.pad-ffffff.100x40.jpg
11565|081085bdbc462bea4e75ddc6972fe57b.pad-ffffff.100x40.jpg
12368|081085bdbc462bea4e75ddc6972fe57b.pad-ffffff.100x40.jpg
11116|081085bdbc462bea4e75ddc6972fe57b.pad-ffffff.100x40.jpg
246723|531751ff84f97472d43097e47c5f22af.pad-ffffff.100x40.jpg
228547|4ff2208a109b732862ed5431a60a2db3.pad-ffffff.100x40.jpg
14491|081085bdbc462bea4e75ddc6972fe57b.pad-ffffff.100x40.jpg
14843|081085bdbc462bea4e75ddc6972fe57b.pad-ffffff.100x40.jpg
259271|1c71826f57243f0c45746ffd9b196f67.pad-ffffff.100x40.jpg
13438|081085bdbc462bea4e75ddc6972fe57b.pad-ffffff.100x40.jpg
12059|081085bdbc462bea4e75ddc6972fe57b.pad-ffffff.100x40.jpg
11410|081085bdbc462bea4e75ddc6972fe57b.pad-ffffff.100x40.jpg
260181|402541086795151780328ced6cfa8aa3.pad-ffffff.100x40.jpg
162411|2ead82d69182f75564265453d3a03835.pad-ffffff.100x40.jpg
14926|081085bdbc462bea4e75ddc6972fe57b.pad-ffffff.100x40.jpg
14162|081085bdbc462bea4e75ddc6972fe57b.pad-ffffff.100x40.jpg
12647|081085bdbc462bea4e75ddc6972fe57b.pad-ffffff.100x40.jpg
13355|081085bdbc462bea4e75ddc6972fe57b.pad-ffffff.100x40.jpg
4934|100x40.gif
14967|99c265fb1cb4619355c830f74fdfcf2e.pad-ffffff.100x40.jpg
14719|081085bdbc462bea4e75ddc6972fe57b.pad-ffffff.100x40.jpg
12537|53eaeeb2f39aab0eb53af208c122688f.pad-ffffff.100x40.jpg
223185|100x40.gif
269477|4b483cf51e042227050dae875461d3bb.pad-ffffff.100x40.jpg
202434|c06e7a812a81bcb3c69e71f35077dcf5.pad-ffffff.100x40.jpg
15511|145f0627acb17ba9691eec4d01ae89d2.pad-ffffff.100x40.jpg
28409|100x40.gif
3595|64507e5837046480a3d7b9e9ec9c8793.pad-ffffff.100x40.jpg
8003|6fd1c691357700a191ebf52adadbddb3.pad-ffffff.100x40.jpg
246296|26c2b18bd52debcec623b8ef4187e4e1.pad-ffffff.100x40.jpg
5276|c0386a39319ce69cfe0f7e6af064005b.pad-ffffff.100x40.jpg
28411|f1d39772a35adc2cfee49e47c9955b72.pad-ffffff.100x40.jpg
2960|64507e5837046480a3d7b9e9ec9c8793.pad-ffffff.100x40.jpg
10626|7959178c6d0df6b937b57ff8b1ad679f.pad-ffffff.100x40.jpg
240718|ec97cc73ac383dcad1c91320a80f2766.pad-ffffff.100x40.jpg
392207|4a2c824010f64b743d243ac2b558c3dd.pad-ffffff.100x40.jpg
121438|f6733b0d3dee502f84f5330fd342af96.pad-ffffff.100x40.jpg
5331|0e3c7ecfa1df92455ec45721d8005184.pad-ffffff.100x40.jpg
4861|d35cdd365039a59784a6af5a39e59be7.pad-ffffff.100x40.jpg
268735|8a527c9ec7396ceb0e4334199d501a9c.pad-ffffff.100x40.jpg
3057|64507e5837046480a3d7b9e9ec9c8793.pad-ffffff.100x40.jpg
271708|8fd5b4d0ba3c557e62109c223e47cb92.pad-ffffff.100x40.jpg
9651|c300fb90f9302c93bdb801878a447ee3.pad-ffffff.100x40.jpg
299483|ee910f9752bf3e4acb7722bc42d5836d.pad-ffffff.100x40.jpg
119927|5ce6f1d95bd33685bb6fed032bb41892.pad-ffffff.100x40.jpg
3192|64507e5837046480a3d7b9e9ec9c8793.pad-ffffff.100x40.jpg
333654|100x40.gif
179269|ee2f86a0151dbde6f6d5ff0f1ca756ec.pad-ffffff.100x40.jpg
119729|e7546838e50fb49ba1b2fb426f1646cb.pad-ffffff.100x40.jpg
10573|b4fc6173194cb60616704d4deeb7c2de.pad-ffffff.100x40.jpg
245769|ebc3434eb806a8891b8a2785e2ba3a10.pad-ffffff.100x40.jpg
201455|0b33f31e09ec28f5b8ebede61dee236d.pad-ffffff.100x40.jpg
27198|100x40.gif
339584|4d27905f985255b52c87c7c5f8984856.pad-ffffff.100x40.jpg
229347|100x40.gif
13606|53eaeeb2f39aab0eb53af208c122688f.pad-ffffff.100x40.jpg
160217|64507e5837046480a3d7b9e9ec9c8793.pad-ffffff.100x40.jpg
14112|081085bdbc462bea4e75ddc6972fe57b.pad-ffffff.100x40.jpg
4451|3de714b1f24efe7337d8a96d3fc7cddd.pad-ffffff.100x40.jpg
9068|100x40.gif
272212|d6474d655678b93218e4b93cbe41e7c0.pad-ffffff.100x40.jpg
29494|6e6e3fa63c2424808c674c51c9e11e39.pad-ffffff.100x40.jpg
280525|a808241f86bcdfd734ad65735aa21d69.pad-ffffff.100x40.jpg
11929|bc09ed657da694bca7f575fd5b75a4b5.pad-ffffff.100x40.jpg
320072|4d27905f985255b52c87c7c5f8984856.pad-ffffff.100x40.jpg
120412|bddeafad460155cdaadc4f8dfbcbb0fc.pad-ffffff.100x40.jpg
119690|27956e41a5a071f53a2f9e17422e55fc.pad-ffffff.100x40.jpg
8986|626ba09f437e93b1bb261e639dd57ce1.pad-ffffff.100x40.jpg
181000|100x40.gif
11505|9ccd16360103c5dc86d81a2dd303c1a1.pad-ffffff.100x40.jpg
158042|e1744903d8465edbe808a16ac949edc0.pad-ffffff.100x40.jpg
16160|53eaeeb2f39aab0eb53af208c122688f.pad-ffffff.100x40.jpg
254394|9f13ae064626edea029d0e234f891b94.pad-ffffff.100x40.jpg
121556|84b95878e8e305c7f3f8294d397d7855.pad-ffffff.100x40.jpg
24537|64507e5837046480a3d7b9e9ec9c8793.pad-ffffff.100x40.jpg
24842|53eaeeb2f39aab0eb53af208c122688f.pad-ffffff.100x40.jpg
238779|100x40.gif
331627|056c337424e1dab50c864f032a14a813.pad-ffffff.100x40.jpg
10185|100x40.gif
8825|61d4a1b11d98ea7257c04c3da65645c7.pad-ffffff.100x40.jpg
237347|5ce6f1d95bd33685bb6fed032bb41892.pad-ffffff.100x40.jpg
9827|100x40.gif
10571|100x40.gif
11710|b4fc6173194cb60616704d4deeb7c2de.pad-ffffff.100x40.jpg
1892|100x40.gif
121776|100x40.gif
25096|18cf3998906d1cbe27ed2d1a1f123115.pad-ffffff.100x40.jpg
243717|9c8294f38d796ac9fc5e3a6c8520f01d.pad-ffffff.100x40.jpg
7861|53961c6351d2ab2af403de303c1dda01.pad-ffffff.100x40.jpg
231331|d9c60ca09153af921141c006bb00fd77.pad-ffffff.100x40.jpg
213123|9556a4f09bb39e58b35c142ce221cf0b.pad-ffffff.100x40.jpg
24959|100x40.gif
279363|64507e5837046480a3d7b9e9ec9c8793.pad-ffffff.100x40.jpg
6812|100x40.gif
4069|100x40.gif
365245|0ee2ceae071dec1ddd453158600d909f.pad-ffffff.100x40.jpg
9444|b4fc6173194cb60616704d4deeb7c2de.pad-ffffff.100x40.jpg
16026|53eaeeb2f39aab0eb53af208c122688f.pad-ffffff.100x40.jpg
201766|6836e12479daeb8eeb374de47bc2b91e.pad-ffffff.100x40.jpg
10807|cbe8b2728dc97e3974046f9374cecbe3.pad-ffffff.100x40.jpg
122504|bddeafad460155cdaadc4f8dfbcbb0fc.pad-ffffff.100x40.jpg
190416|100x40.gif
254608|1d120c7b1d77c5c1067ab284defdeba1.pad-ffffff.100x40.jpg
2942|403a7ccb7924fb78cc1004519f611a30.pad-ffffff.100x40.jpg
21677|ea2882eda455492b470a92f5d026eee2.pad-ffffff.100x40.jpg
5140|100x40.gif
4813|100x40.gif
254568|918af8f2a9703798a3f93cb455d8da67.pad-ffffff.100x40.jpg
5994|100x40.gif
206713|4d27905f985255b52c87c7c5f8984856.pad-ffffff.100x40.jpg
8681|100x40.gif
12925|a33d3fd34e300f0726933b33db7fe2ee.pad-ffffff.100x40.jpg
5183|2007251085fce6462e7bee62c87ba73b.pad-ffffff.100x40.jpg
398832|6ceeb6f2454d17533afb66f218c6996d.pad-ffffff.100x40.jpg
2466|53eaeeb2f39aab0eb53af208c122688f.pad-ffffff.100x40.jpg
10091|b4fc6173194cb60616704d4deeb7c2de.pad-ffffff.100x40.jpg
5508|42c3558abb92e29aafa823eaea2f2447.pad-ffffff.100x40.jpg
272219|d88800887347e7d5cab4024f1f1a83ef.pad-ffffff.100x40.jpg
13278|0fa28202c1a2f6779c5ac66fb7353ae7.pad-ffffff.100x40.jpg
9508|b4fc6173194cb60616704d4deeb7c2de.pad-ffffff.100x40.jpg
25049|cc13ca5d28355f20c0547f1102aa39d2.pad-ffffff.100x40.jpg
24378|53eaeeb2f39aab0eb53af208c122688f.pad-ffffff.100x40.jpg
28435|fa64914ab2888cdf281a18591faa2ad1.pad-ffffff.100x40.jpg
27205|42c3558abb92e29aafa823eaea2f2447.pad-ffffff.100x40.jpg
247758|b4fc6173194cb60616704d4deeb7c2de.pad-ffffff.100x40.jpg
121511|100x40.gif
11372|f64f15a602dd2f2037ba7ad8a3cf2521.pad-ffffff.100x40.jpg
11221|8b7f45b424af9c8e4972873385363caf.pad-ffffff.100x40.jpg
354|b1ae5fad8bb9e908cbb7cd139393d32d.pad-ffffff.100x40.jpg
9988|100x40.gif
311276|59795a289c8a287256a0e4124a92c5ae.pad-ffffff.100x40.jpg
193184|42c3558abb92e29aafa823eaea2f2447.pad-ffffff.100x40.jpg
8646|100x40.gif
6898|100x40.gif
257841|4d27905f985255b52c87c7c5f8984856.pad-ffffff.100x40.jpg
12455|0fa28202c1a2f6779c5ac66fb7353ae7.pad-ffffff.100x40.jpg
292778|b4fc6173194cb60616704d4deeb7c2de.pad-ffffff.100x40.jpg
120610|e14c608b287e967b5613a3803a5e1323.pad-ffffff.100x40.jpg
119340|4d27905f985255b52c87c7c5f8984856.pad-ffffff.100x40.jpg
8463|f175f3c36ac011dbdfc457a504f6db8b.pad-ffffff.100x40.jpg
11915|100x40.gif
12976|a33d3fd34e300f0726933b33db7fe2ee.pad-ffffff.100x40.jpg
12992|100x40.gif
277283|4d27905f985255b52c87c7c5f8984856.pad-ffffff.100x40.jpg
267567|317fb1fad9daaf5bd0f93986120e4ebe.pad-ffffff.100x40.jpg
26646|100x40.gif
18036|100x40.gif
12287|100x40.gif
12796|a33d3fd34e300f0726933b33db7fe2ee.pad-ffffff.100x40.jpg
18647|817f36349d3ffbc003c76563257ae121.pad-ffffff.100x40.jpg
8465|100x40.gif
26259|100x40.gif
1010|5cc1d167ace4399b11660ebf9a3f9009.pad-ffffff.100x40.jpg
172292|a73b3dd528aea118844bad07b6881b1f.pad-ffffff.100x40.jpg
6195|e368650bec765b95dd86ac0fe1c08a1a.pad-ffffff.100x40.jpg
6432|90f6926c74ffc51674c87e8d071df100.pad-ffffff.100x40.jpg
15213|53eaeeb2f39aab0eb53af208c122688f.pad-ffffff.100x40.jpg
15931|53eaeeb2f39aab0eb53af208c122688f.pad-ffffff.100x40.jpg
10415|100x40.gif
4893|100x40.gif
13177|100x40.gif
8643|738e19d2bb49c74aa7550bfaf1561074.pad-ffffff.100x40.jpg
16140|53eaeeb2f39aab0eb53af208c122688f.pad-ffffff.100x40.jpg
216461|f3256532aa0534eb5078a079fcd76b45.pad-ffffff.100x40.jpg
15315|1c44ad5eb6400ab1b4feb56d206a7509.pad-ffffff.100x40.jpg
1497|b2f64a292508dcb00c52afb0e1af1af2.pad-ffffff.100x40.jpg
6363|100x40.gif
273872|d2798bbbbe7da90d1b5046c067b25731.pad-ffffff.100x40.jpg
26759|100x40.gif
9761|7b6f4925657ee52cfc8f23428af1afe3.pad-ffffff.100x40.jpg
9026|738e19d2bb49c74aa7550bfaf1561074.pad-ffffff.100x40.jpg
7503|100x40.gif
