realEstateImgNameId|realEstateImgName|listingsId
1|2982835/1f371836f5e9469108cac4b3aad88192.scale.1024x682.jpg|2982835
2|2982835/0db258ff823d85b73337d633b7ff2d0d.scale.1024x682.jpg|2982835
3|2982835/5be76511ae478ac30757b00a0abc3689.scale.1024x682.jpg|2982835
4|2982835/020a826dac249208f91ecd929d631013.scale.1024x682.jpg|2982835
5|2982835/ea7ad42e39c36dc4f4de84c0e2933993.scale.1024x682.jpg|2982835
6|2982835/c7dde4a0539d4582a32343743d8a6d80.scale.1024x682.jpg|2982835
7|2982835/7520ad93f62efe6d161311726dfb2493.scale.1024x682.jpg|2982835
8|2982835/996bae594eb4f1cb6feb958ee499f6f2.scale.1024x682.jpg|2982835
9|2982835/1e1fa74722ed8e6c4179ab4e8d4c687b.scale.1024x682.jpg|2982835
10|2982835/0e6e8d4032b9794c743c555aa6fbe0a3.scale.1024x682.jpg|2982835
11|2982835/753ca67853ecb53a57842c68a4735585.scale.1024x682.jpg|2982835
12|2982835/ff5a337eb37f229a566d57b91e110913.scale.1024x682.jpg|2982835
13|2982835/b2e9ce90b60b13030c3da9d5ce09c1a1.scale.1024x682.jpg|2982835
14|2981953/8a893a1f674d9db0ce59ce4f90da2104.scale.1024x682.jpg|2981953
15|2981953/279ef716bcdd24717655b1ab6098a6c6.scale.1024x682.jpg|2981953
16|2981953/9f7f579edd6bbff3d5b538a4a644a29b.scale.1024x682.jpg|2981953
17|2981953/c03e652e26afad992d75e6d3d548d184.scale.1024x682.jpg|2981953
18|2981953/7cd78286533d6f15ee77ffdd3cc82401.scale.1024x682.jpg|2981953
19|2981953/01e848ae0966a64c7001272e9d4c09b8.scale.1024x682.jpg|2981953
20|2981953/0f19936189ebe763e9aadea829d4990a.scale.1024x682.jpg|2981953
21|2981953/63c88744caf2e18087f43516f279aeb6.scale.1024x682.jpg|2981953
22|2981953/54b41bebe4fbcb0fa623493aa7a6c041.scale.1024x682.jpg|2981953
23|2981953/f051986b8f26b6aeb1c6121f363258b6.scale.1024x682.jpg|2981953
24|2981953/8d490878e6916f0331db56c4a5cfa1c4.scale.1024x682.jpg|2981953
25|2981953/e441f5d3c96d0de7f4235e448b9203a2.scale.1024x682.jpg|2981953
26|2981953/336b4c4829150fb3ce9f309909cf4355.scale.1024x682.jpg|2981953
27|2981953/ea8309902523b16b553b318cefda53ec.scale.1024x682.jpg|2981953
28|2981953/f418462a8303800ea0cb133d58a1930c.scale.1024x682.jpg|2981953
29|2981953/810c94f7f3bc5c2c58689f9eae3d08c5.scale.1024x682.jpg|2981953
30|2981953/8d88ae89bcc9505166590a88552d3d40.scale.1024x682.jpg|2981953
31|2981953/54b9d7748a0f1c1da5a374d309feb6f7.scale.1024x682.jpg|2981953
32|2981953/b8a966542fad7a21350d921d6c25439a.scale.1024x682.jpg|2981953
33|2927894/db42c73441f9db543cef4b38428d7eba.scale.1024x682.jpg|2927894
34|2927894/b8fb3632db9fda8ba1146e2e2bd033a9.scale.1024x682.jpg|2927894
35|2927894/abeed4b75770c29bbf0c6541c00ac91e.scale.1024x682.jpg|2927894
36|2927894/a3b1b1b8f5f38ca599971e9c0583d22f.scale.1024x682.jpg|2927894
37|2927894/a796fe4ba1d5e2e31552e8489082d04d.scale.1024x682.jpg|2927894
38|2927894/5b1d09e20916741780422cb966e5e373.scale.1024x682.jpg|2927894
39|2927894/0435dce90320cc4245084d03233e65ad.scale.1024x682.jpg|2927894
40|2927894/38a5a9241e74471fdc588ce4e24f7ce8.scale.1024x682.jpg|2927894
41|2927894/e70c98cf36284b2782effa6588ba1293.scale.1024x682.jpg|2927894
42|2982806/fffa5c547c2581282761a984512d1312.scale.1024x682.jpg|2982806
43|2982806/e8d2307258cf85689c535c4652e8ab30.scale.1024x682.jpg|2982806
44|2982806/264da48162fb15cc7043fbea90b4a4c7.scale.1024x682.jpg|2982806
45|2982806/5901cd6f776c4d6faaa13fcaf1a88c95.scale.1024x682.jpg|2982806
46|2982806/0e6f3ccbe730b314f2d6339e9f186797.scale.1024x682.jpg|2982806
47|2982806/f4d1d66ba68372f68803bc3b72d7c077.scale.1024x682.jpg|2982806
48|2982806/c0026f13cd5adf2d50076e29b4adf9fe.scale.1024x682.jpg|2982806
49|2982806/75e07b07c5f23711c410c75e652bdf50.scale.1024x682.jpg|2982806
50|2982811/6bfce7387e139166d61d40f1f2e9b9bc.scale.1024x682.jpg|2982811
51|2982811/5aab04d96471b2c527d24637ecbafe64.scale.1024x682.jpg|2982811
52|2982811/1664485b39f0594fb212c0c3499be0c8.scale.1024x682.jpg|2982811
53|2982811/81046611ce887af45d4116a9fc06bfe0.scale.1024x682.jpg|2982811
54|2982811/a0ba9030a2b64a0605b20a253bf7fe0f.scale.1024x682.jpg|2982811
55|2982811/712b8a7124dca1d514ec1ac90ff56237.scale.1024x682.jpg|2982811
56|2982811/bbc9d062ed15c109a3158169efdf70ef.scale.1024x682.jpg|2982811
57|2982811/cf21d2cd323762a56fdead364bd7fd15.scale.1024x682.jpg|2982811
58|2982811/478d8a73dbba579ef3a74c5421ec65aa.scale.1024x682.jpg|2982811
59|2982811/26432aa2a098a10c0d4140f7c6d72447.scale.1024x682.jpg|2982811
60|2982811/992c708b04073f955a88330f8a2cab71.scale.1024x682.jpg|2982811
61|2982811/2913cc06c8147924d94383749ab3e80a.scale.1024x682.jpg|2982811
62|2982811/19e4809a1c54fe33624474fb01492f84.scale.1024x682.jpg|2982811
63|2982811/cf2fe221080ebfbf62c47ef2b37f0e5c.scale.1024x682.jpg|2982811
64|2982811/6eb188cd12eb9643102b288c83d650a8.scale.1024x682.jpg|2982811
65|2982813/a441260f650dc123e40b6a524da78940.scale.1024x682.jpg|2982813
66|2982813/47738328e2abcb405ebcf60c7ecd0d4b.scale.1024x682.jpg|2982813
67|2982813/1f1369310e7160b43daf86a0995defb9.scale.1024x682.jpg|2982813
68|2982813/2b54dc5d7b6beeacca7860f3a518a095.scale.1024x682.jpg|2982813
69|2982813/66e9ace7d0d8cce6a99724cbf8b3fd4d.scale.1024x682.jpg|2982813
70|2982813/03aa584058b0df8b7748afb0346e6b28.scale.1024x682.jpg|2982813
71|2982813/1efe39aa075402103fbfb51d49dbe0a3.scale.1024x682.jpg|2982813
72|2982813/b0b1534e1a9de0a86f97ad782c02a277.scale.1024x682.jpg|2982813
73|2982813/e6cbea23b78f0d5637cbfb0554fb523e.scale.1024x682.jpg|2982813
74|2982813/a7f6f41384f3eb31505533d1609f9dfd.scale.1024x682.jpg|2982813
75|2982813/836060084e65135c42658fe15cdaf6b6.scale.1024x682.jpg|2982813
76|2982813/0cfddff0841e3b7de253a22a07c27e63.scale.1024x682.jpg|2982813
77|2982813/d0ff04a1e7c46375ea11df6ef11475ee.scale.1024x682.jpg|2982813
78|2982813/9f2e623cbb59aca508924e781a2136ef.scale.1024x682.jpg|2982813
79|2982813/68ab825257abfb8e179e69c8fdd3f2a9.scale.1024x682.jpg|2982813
80|2982813/6eeeedf2e173eeb02b8f0723bb03dbd1.scale.1024x682.jpg|2982813
81|2982813/c22e939c74746309c254db70c59e3703.scale.1024x682.jpg|2982813
82|2982832/79f7f8b307ebffbc5287acd4a2129593.scale.1024x682.jpg|2982832
83|2982820/04ebe942caaefcd00f3070014b49d23f.scale.1024x682.jpg|2982820
84|2982832/08829655822fbd6c29cb8fc1279fe0bd.scale.1024x682.jpg|2982832
85|2982820/4e79b83d54a12ac7fea36785fad9936e.scale.1024x682.jpg|2982820
86|2982820/3e4b9fff62fc7110e9348462c9a72989.scale.1024x682.jpg|2982820
87|2982832/3669c2b655699fe80b7745d7069cc0fc.scale.1024x682.jpg|2982832
88|2982832/1cf1fcdf09d670627ed4d8408d679d7b.scale.1024x682.jpg|2982832
89|2982832/03e9d0929bfb6fa1e83c03c99faf5fd4.scale.1024x682.jpg|2982832
90|2982832/03eb3dc1ad0c94487b88ab1ebe7bc3f8.scale.1024x682.jpg|2982832
91|2982832/bdd4fb4ca9bf46229ce45a5e55f1b64c.scale.1024x682.jpg|2982832
92|2982832/51fd30208488e29b54307d98b2e44e5b.scale.1024x682.jpg|2982832
93|2983495/bb1849277d56fb773db880e9d42231a3.scale.1024x682.jpg|2983495
94|2983495/365458e8f6b1b88934f45429a0aab5a6.scale.1024x682.jpg|2983495
95|2983495/a459a08a0fd6096e826c7f88ca6bcf06.scale.1024x682.jpg|2983495
96|2983495/f79148f9842ac818dd912847e81751f5.scale.1024x682.jpg|2983495
97|2983495/33aa5d40e0fe253eca64d0dcf02d7751.scale.1024x682.jpg|2983495
98|2983495/4363ab1e9909961f9fc73eaa22899d05.scale.1024x682.jpg|2983495
99|2983495/faf01f108f780359a57a74e52e7af2d4.scale.1024x682.jpg|2983495
100|2983495/c55da2d4180b6062fd4e060b4c69480e.scale.1024x682.jpg|2983495
101|2983495/4970a1f08250c25af8e8c942dd3b043e.scale.1024x682.jpg|2983495
102|2983495/e69bd4394e6d4040a4b8f45807432fa2.scale.1024x682.jpg|2983495
103|2983495/d53d3e57967189d89d2732ffd1088fd0.scale.1024x682.jpg|2983495
104|2983495/9b865d5025e020879dff5d9de2c129ea.scale.1024x682.jpg|2983495
105|2983495/2cbb8f81e51cd4ba7380920e7c502fec.scale.1024x682.jpg|2983495
106|2983495/bd3b696ced5c5c36e278d5c76dbd33bc.scale.1024x682.jpg|2983495
107|2983495/03d8f399fd38c0d4762c7a5820c5b683.scale.1024x682.jpg|2983495
108|2983495/7921806a15946c369666a29325111e9c.scale.1024x682.jpg|2983495
109|2983495/6ae71368caf06b9adb1fc860c7e0ce97.scale.1024x682.jpg|2983495
110|2983133/a7b0390928fd86fd0fd02179a50ebdc9.scale.1024x682.jpg|2983133
111|2983133/1aafa73be4a1b6efd60c6d9e03e3147d.scale.1024x682.jpg|2983133
112|2983133/a2230cf91ea5a7a12792e3e7140afce6.scale.1024x682.jpg|2983133
113|2983133/377e67ec26fc1b06417658990bd8530c.scale.1024x682.jpg|2983133
114|2983133/597d96cc617cc0645366d169ace17723.scale.1024x682.jpg|2983133
115|2983133/b05eb1ee118635e4e1cbdf5cba6d67ff.scale.1024x682.jpg|2983133
116|2983133/7b4ff98e83c4abf199c318e446639a3c.scale.1024x682.jpg|2983133
117|2983472/1ae092d18dfd4761fd3a80d6ab386ec2.scale.1024x682.jpg|2983472
118|2983472/88f914e7f7267f73b5b5034dff9765b1.scale.1024x682.jpg|2983472
119|2983472/120bfacf1b2db941caa3ed90a2cada82.scale.1024x682.jpg|2983472
120|2983472/48b7baf190af8272f97ffd3f66b33fb7.scale.1024x682.jpg|2983472
121|2983472/f0b4f245a1d7e5f3d4f460e4efecd474.scale.1024x682.jpg|2983472
122|2983472/256057599cf7570892759fa1fccc33d2.scale.1024x682.jpg|2983472
123|2983472/a271cc5d111e58a17e4827201390b9e5.scale.1024x682.jpg|2983472
124|2983472/af7e2d8b2735e9224ebdf60853f09290.scale.1024x682.jpg|2983472
125|2983472/b11d26c70b903825a7b41adf7dd1ad95.scale.1024x682.jpg|2983472
126|2983472/df77caef89574d9aa14aa1adc1401097.scale.1024x682.jpg|2983472
127|2983472/db047301ae5e3b191120f5647993962e.scale.1024x682.jpg|2983472
128|2983472/becf2a4565e1d315cfb7298f09706eb9.scale.1024x682.jpg|2983472
129|2983141/8aff627d390b6c7daa63529dd17528dc.scale.1024x682.jpg|2983141
130|2983140/665a65453a6775f1c51342ed2aa89340.scale.1024x682.jpg|2983140
131|2983481/7ddb9891d0f018e9836608a0919cfb6f.scale.1024x682.jpg|2983481
132|2983481/d509e1d50e46541498c04161af5a3df3.scale.1024x682.jpg|2983481
133|2983481/c6cc96fcc6dca365e37822bc74536b1c.scale.1024x682.jpg|2983481
134|2983481/5fe62e54c75c01094d09c13cb2528825.scale.1024x682.jpg|2983481
135|2983481/b1098d9ff8052d875e75af12da7c4b25.scale.1024x682.jpg|2983481
136|2983481/32888362a3a802f0cdb4ffac3c24a453.scale.1024x682.jpg|2983481
137|2983481/a9ef6bb7efcf01bdd57d360abd655a83.scale.1024x682.jpg|2983481
138|2983481/08d49b47fdb944b4604799418284b602.scale.1024x682.jpg|2983481
139|2983481/ccff2c0ca462b84e69bf0d24c7bca9fa.scale.1024x682.jpg|2983481
140|2983135/ef3955fb2879f263e1441ffa58bb440b.scale.1024x682.jpg|2983135
141|2983135/b534485601452ea480ee6ffbd389d40d.scale.1024x682.jpg|2983135
142|2983135/cceac450ca9faa4a3a4a40dae03eaa01.scale.1024x682.jpg|2983135
143|2983135/0ab8e7a41585dd729b2984bf1f26c2d1.scale.1024x682.jpg|2983135
144|2983135/564f69b6d2267e839a23cd09d2beb591.scale.1024x682.jpg|2983135
145|2983135/43e68ad7d099a9c5b5449474c98f3b2d.scale.1024x682.jpg|2983135
146|2983135/6df27b054239e1947afd511a1d9c230b.scale.1024x682.jpg|2983135
147|2983135/74c20050b47e57884c96ef9cbeede155.scale.1024x682.jpg|2983135
148|2983135/52662a8e9eb8fed78e88d3edd634b729.scale.1024x682.jpg|2983135
149|2981404/582f31347ce9571cec381e193d8483dd.scale.1024x682.jpg|2981404
150|2981404/d05f94376f1a4791a0951bb69adaa12f.scale.1024x682.jpg|2981404
151|2981404/c5520d73a8302d2ed91ccdcef04aed31.scale.1024x682.jpg|2981404
152|2981404/ccaea963a9d81e4af468c5af4417fecf.scale.1024x682.jpg|2981404
153|2981404/b3eb256e407665fa380640a51a1b18a2.scale.1024x682.jpg|2981404
154|2981404/4fe5654bad18d7c6651037e61ba2109f.scale.1024x682.jpg|2981404
155|2981404/40da04b7893d364f7a4dddb86086598a.scale.1024x682.jpg|2981404
156|2981404/56263343978442de019d5b396f7a34f1.scale.1024x682.jpg|2981404
157|2981404/bb5b77ca02d0af2f22a6197c8193a16c.scale.1024x682.jpg|2981404
158|2981404/8df7d0be11c762e3b7eca7f647fa36dd.scale.1024x682.jpg|2981404
159|2981404/00ad9c5f6db9108e0926990ddd51d5ff.scale.1024x682.jpg|2981404
160|2981404/9aaf2f05f90a26142313401984f6341b.scale.1024x682.jpg|2981404
161|2981080/57122881a4138cc5cc08e9014598e474.scale.1024x682.jpg|2981080
162|2981080/29da8c6e7cdb176b19700a4c3a9d7a4a.scale.1024x682.jpg|2981080
163|2981084/b59ad5fece8f714c396a58c23260f155.scale.1024x682.jpg|2981084
164|2981080/d69647fed8c53d624a514a1837bb56c3.scale.1024x682.jpg|2981080
165|2981080/dae04f58fbeb2b9da6df1676093ac5fe.scale.1024x682.jpg|2981080
166|2981084/d1fb21f53e613f7f306e795d5a9f6818.scale.1024x682.jpg|2981084
167|2981084/4e89f0cbe9e631eab3dd75ccf8075e41.scale.1024x682.jpg|2981084
168|2981084/ffcdd5aafea6b7e8c0becb300084cc05.scale.1024x682.jpg|2981084
169|2981084/2920920fd9c479c305807492d1e8ff93.scale.1024x682.jpg|2981084
170|2981084/689f47a1a578425e6a5a3414261b7ece.scale.1024x682.jpg|2981084
171|2981084/04e2a8de84ec5d457bf6326767b21f6b.scale.1024x682.jpg|2981084
172|2981084/c7d3f39aa8231711aa430b024c1b3f73.scale.1024x682.jpg|2981084
173|2981084/e46b3672db7af6e9fa273423782a7d50.scale.1024x682.jpg|2981084
174|2981084/304afb46c580897af9b9cee8ab15e40e.scale.1024x682.jpg|2981084
175|2981084/1c2574f9b36af05c300c20b72eb013e3.scale.1024x682.jpg|2981084
176|2981084/850df58648a99c34225faf1f044ddc75.scale.1024x682.jpg|2981084
177|2981084/79b3db834a84a6af6445da78a061aa2d.scale.1024x682.jpg|2981084
178|2981084/6195a06ff429623785690da6903c3b88.scale.1024x682.jpg|2981084
179|2981084/9d6e4053c68fc1aa82fa7e7b53299de5.scale.1024x682.jpg|2981084
180|2981084/d08e94c7ee9b9c55f41e2d971e5594cd.scale.1024x682.jpg|2981084
181|2981084/ad787eeaf59b41f90a6a6b71158d2162.scale.1024x682.jpg|2981084
182|2981084/0f284102c574f36abcdf6bb7154524af.scale.1024x682.jpg|2981084
183|2981074/42355056f2013479900d27e347716c78.scale.1024x682.jpg|2981074
184|2981074/c359b2c9765d440f709948db74b947c0.scale.1024x682.jpg|2981074
185|2981074/ba54846f09b1cae32bc303957519ffb9.scale.1024x682.jpg|2981074
186|2981074/b097fc5b02da8bf5a829b4f5d72456a5.scale.1024x682.jpg|2981074
187|2981074/764a60c2fcad46a02b09a98f349980bb.scale.1024x682.jpg|2981074
188|2981074/bea43d31bcd3361aea324b813ddf16e3.scale.1024x682.jpg|2981074
189|2981074/1d902e6cb53557edde43d876626c4a7d.scale.1024x682.jpg|2981074
190|2981074/60d27b847c25ca8abd76a7a62cfa2215.scale.1024x682.jpg|2981074
191|2981072/a326b887dacc5e289832f909a9f6f4ad.scale.1024x682.jpg|2981072
192|2981067/b2dbf08b4f368c11838fa641ef72dc48.scale.1024x682.jpg|2981067
193|2981072/030ae5dacad2b4087c2d16040a92a297.scale.1024x682.jpg|2981072
194|2981072/e10c0ccbd00b571ea29c34596f8dde83.scale.1024x682.jpg|2981072
195|2981072/1e9f4a740a7794e1798dbf2d13652cd3.scale.1024x682.jpg|2981072
196|2981072/c7cc76c4f243160e4e54b996b9af1316.scale.1024x682.jpg|2981072
197|2981072/e645081d793402e32a36d19a42e9a85c.scale.1024x682.jpg|2981072
198|2981072/fe02cc4aca920f85732eb9c7ade8c180.scale.1024x682.jpg|2981072
199|2981072/e2edc9d10fa60a7d7843f4332b5cad46.scale.1024x682.jpg|2981072
200|2981072/94b77b0bdb3135ba41b24ab9c41c99f4.scale.1024x682.jpg|2981072
201|2981072/eaabda724699ffbd89f865e57a0777f2.scale.1024x682.jpg|2981072
202|2981072/8818c380b30c54dce5bcee3a58a38ba9.scale.1024x682.jpg|2981072
203|2981072/1da8471c0b58366cf6a462197ac6c0c5.scale.1024x682.jpg|2981072
204|2981067/cd4af592dd71b359fb7eb35737efda54.scale.1024x682.jpg|2981067
205|2981067/5577eaf4ce6e3bbf6179ea92414cb8da.scale.1024x682.jpg|2981067
206|2981067/eac8c26ba08f035a71d1c0217a595070.scale.1024x682.jpg|2981067
207|2981067/4053ad145f12e70b99afcd7d6362e729.scale.1024x682.jpg|2981067
208|2981064/b48863c3dfd4d3a18f5245be7010cf49.scale.1024x682.jpg|2981064
209|2981064/7d0512204828aff56de3392fa7baa0f8.scale.1024x682.jpg|2981064
210|2981064/2df47b4df7d0c3cbf2ad27fbf34112d4.scale.1024x682.jpg|2981064
211|2981064/634e015ece704d6a9e75cd8d8bd63248.scale.1024x682.jpg|2981064
212|2981064/56b0c38c71b41845898fb187042642a6.scale.1024x682.jpg|2981064
213|2981064/c24531460b5be283e0a121347ebffa80.scale.1024x682.jpg|2981064
214|2981064/9d6b2c96ec0afe41c5fd2b607037f378.scale.1024x682.jpg|2981064
215|2981064/2631c227bfe206c44da2589feea519ab.scale.1024x682.jpg|2981064
216|2981064/12c90adaeabad0561b7f93aadf931abe.scale.1024x682.jpg|2981064
217|2981064/69945f9232612445d312998423a25dcb.scale.1024x682.jpg|2981064
218|2981097/4a1bc92c275e563cb314868c0fec112f.scale.1024x682.jpg|2981097
219|2981097/cf0b800cf44f28967f87ceeacda9eb5a.scale.1024x682.jpg|2981097
220|2981097/22385e0bfea43cd774b7458b0d2ae73e.scale.1024x682.jpg|2981097
221|2981097/b768b6048032acde5c539d6ed999c26c.scale.1024x682.jpg|2981097
222|2981097/c5ca0466a9d0fcc941ef80a64b2f9a01.scale.1024x682.jpg|2981097
223|2981097/a78ebdd05debf1565def886d257a4a24.scale.1024x682.jpg|2981097
224|2981097/4da174321684f95446d6fe2c9e98fe28.scale.1024x682.jpg|2981097
225|2981097/4d8c35f40efd03c6d4d8a14f7b62fe6b.scale.1024x682.jpg|2981097
226|2981097/cbeb6b5a87901fc38044e3868ae4fe7f.scale.1024x682.jpg|2981097
227|2981097/c23c6381264bebd126d3eb9756388f1c.scale.1024x682.jpg|2981097
228|2981097/96ce2c61076dde5a378281a70d428f34.scale.1024x682.jpg|2981097
229|2981097/c287443fec6397a6c7ee981604a8fbd0.scale.1024x682.jpg|2981097
230|2981094/8c37111c0b2a44d3729a146a187d53a2.scale.1024x682.jpg|2981094
231|2981094/c49a0fc91651d653674345ea51a41d32.scale.1024x682.jpg|2981094
232|2981094/dc8814b7900a480b6de49dcb218433f8.scale.1024x682.jpg|2981094
233|2981094/847098ce0a414f1cb6a5a1a9e9917915.scale.1024x682.jpg|2981094
234|2981094/d1acfa4df66acab8a89a8164f77f21f2.scale.1024x682.jpg|2981094
235|2981094/4f799ad664ae25eff54b2eb07e458ea3.scale.1024x682.jpg|2981094
236|2981094/2511d3bde4a8f14ac3659aa24eff23d1.scale.1024x682.jpg|2981094
237|2981094/4ed3b01b00036b5ad48ab17d7432142e.scale.1024x682.jpg|2981094
238|2981094/6f1316ee7b87605a7a411bf8fc16ce73.scale.1024x682.jpg|2981094
239|2981094/c9f3408ce4cc1004777793411ebfdfb7.scale.1024x682.jpg|2981094
240|2981092/cbad31086feab416d4ff343ed1317ac7.scale.1024x682.jpg|2981092
241|2981092/e420a59a6e798011fb5a8b1fcd0e24c9.scale.1024x682.jpg|2981092
242|2981092/f6e5331975c883ec4b89641071788833.scale.1024x682.jpg|2981092
243|2981092/eaa6851043a3e05cf9361ecde6328877.scale.1024x682.jpg|2981092
244|2981092/e5c205edc9a7b4f5440cf2b1b60bac1c.scale.1024x682.jpg|2981092
245|2981092/3019b117b5837bb7ddd93feea841bafa.scale.1024x682.jpg|2981092
246|2981092/abdc1efe1ac8f292c08bdcf0a7a53682.scale.1024x682.jpg|2981092
247|2981092/b0a6ff49f949ec0fb22c8fb2ad64971b.scale.1024x682.jpg|2981092
248|2981092/b828471a21ae5f8d388239958f9c6d72.scale.1024x682.jpg|2981092
249|2981092/205f577ca046283e250969367b9b15aa.scale.1024x682.jpg|2981092
250|2981092/c4671b6fe50d6ed79fb39e2dfb74210d.scale.1024x682.jpg|2981092
251|2981092/a578fdbf7ff2f141dbdc9c6c476c953a.scale.1024x682.jpg|2981092
252|2981092/d889983f0f13278ed4ea63ab3ea5ea38.scale.1024x682.jpg|2981092
253|2981092/1be511cb76c5e3bc19825ddcaad60562.scale.1024x682.jpg|2981092
254|2981092/276c826523725e53c4459904dc6bca82.scale.1024x682.jpg|2981092
255|2981092/39f3c440f32e102dbaf05a08ea77d1f1.scale.1024x682.jpg|2981092
256|2981083/653fc2bcbfe7716cd5788feaa9542582.scale.1024x682.jpg|2981083
257|2981092/7859bc8b597519d1fc1bf80f47d73549.scale.1024x682.jpg|2981092
258|2981092/c7f844482f51e635b8f92bd0e1120404.scale.1024x682.jpg|2981092
259|2981092/9ad944fc1b8d74ef482e95e71f6e26fc.scale.1024x682.jpg|2981092
260|2981083/1ed8c23c3a112982404ccd35df7badcd.scale.1024x682.jpg|2981083
261|2981083/68afe4f880762bb4e3e6e7bc8f7e89d1.scale.1024x682.jpg|2981083
262|2981083/7af9d603bbbc5ed613e85ca88a4ffe5a.scale.1024x682.jpg|2981083
263|2981083/6d3b44fe802962035dd49a5fbf8145a1.scale.1024x682.jpg|2981083
264|2981083/fcb48ce731527b2770134ac6786439d9.scale.1024x682.jpg|2981083
265|2981083/8e42b022f06e5e29c83dbeced82b53e4.scale.1024x682.jpg|2981083
266|2981083/cf1930bfe3bec706b451c26f013a7f7c.scale.1024x682.jpg|2981083
267|2981083/fdd8e56520f2200c2d8bce533d45e8ff.scale.1024x682.jpg|2981083
268|2981083/461c85cf826e63b68274b77802fea888.scale.1024x682.jpg|2981083
269|2981083/1fa593dfe744e1a7fbbaed7d75b8e746.scale.1024x682.jpg|2981083
270|2981083/06d5ed44c0a8ec032f0e48ba040d43a3.scale.1024x682.jpg|2981083
271|2981083/21d88860773105dcff0456f684d1ad60.scale.1024x682.jpg|2981083
272|2981083/45a52fb2c4ea1723bc90f566ee5f64ea.scale.1024x682.jpg|2981083
273|2981088/652e0e23b6f62508cecdc63b6d819401.scale.1024x682.jpg|2981088
274|2981088/455b43ae38a80d70cdf9307bc407fc42.scale.1024x682.jpg|2981088
275|2981088/44a78e9113cc3806f34ab43f5c542888.scale.1024x682.jpg|2981088
276|2981088/2750800b27a3d8b1a739d853a8e01a96.scale.1024x682.jpg|2981088
277|2981088/5eb7080933fbdcd02722a973563b8981.scale.1024x682.jpg|2981088
278|2981088/5953f27f6f1974102418c3b7bf30ea60.scale.1024x682.jpg|2981088
279|2981104/629e1c98a7c7ad177d59fb3d51ed9318.scale.1024x682.jpg|2981104
280|2981088/7a403c2e944895dde0c0b203ff084d08.scale.1024x682.jpg|2981088
281|2981088/bb8eeb1327a46da05012caf240559644.scale.1024x682.jpg|2981088
282|2981088/8e44f5cd0519f0702711ea892c89fc21.scale.1024x682.jpg|2981088
283|2981088/eccae32a48d8b8e31f9373b5ca7c2717.scale.1024x682.jpg|2981088
284|2981088/3584dcc5227dbb013a8df53c72d68121.scale.1024x682.jpg|2981088
285|2981088/34d29fcd531a01b4f4f26f52459bc700.scale.1024x682.jpg|2981088
286|2981104/2c6a0da22a0f6c5edee033295ddc8d1b.scale.1024x682.jpg|2981104
287|2981104/0866ac6554dece4f59be9dc4f6c12eca.scale.1024x682.jpg|2981104
288|2981104/9624bb6d98bcb8a9de27aaaf153d1cc7.scale.1024x682.jpg|2981104
289|2981104/8d40c2ac80cf40dcd4fb2a991c18a91d.scale.1024x682.jpg|2981104
290|2981104/1bd94309cdb7240e1837b85b0ae7f2c0.scale.1024x682.jpg|2981104
291|2981104/5401986ff7d86f97d36ef7499724b239.scale.1024x682.jpg|2981104
292|2981104/7fc0ea2e1d3eaacf43890d59ad27089c.scale.1024x682.jpg|2981104
293|2981104/bf90bcdd535147f155e4807dd44b3240.scale.1024x682.jpg|2981104
294|2981104/8ec6473ac67ef65525c79c7d767fd398.scale.1024x682.jpg|2981104
295|2981104/1092497c73cd62ed83a4c66c7b95d039.scale.1024x682.jpg|2981104
296|2981104/eaece32c549ceef5893bb9e68200af19.scale.1024x682.jpg|2981104
297|2981104/d470050d325741e3a6ff01c67862ff83.scale.1024x682.jpg|2981104
298|2981104/864fbf86bee9403a1b3a5f2a7a980f9b.scale.1024x682.jpg|2981104
299|2981104/50f84394dc1ad0e2c54ed13442a334f7.scale.1024x682.jpg|2981104
300|2981104/1c78ec6509a58c5550e29ad887320bd6.scale.1024x682.jpg|2981104
301|2981104/6267b985cf0418290fc932b65e31d3df.scale.1024x682.jpg|2981104
302|2981104/403be7acb48335c746bf71cb5da73074.scale.1024x682.jpg|2981104
303|2981104/bb1b8224321137b561df8d3964903d94.scale.1024x682.jpg|2981104
304|2981104/01401f64c3c57841750b03cc7620e279.scale.1024x682.jpg|2981104
305|2981104/00cbfccd63cd6f1de38bf725217cf1dd.scale.1024x682.jpg|2981104
306|2981104/12470955929802ea07941d0a9a4aba3d.scale.1024x682.jpg|2981104
307|2981104/1a65f4ea4dc358fbaac20e6f4d2c42dd.scale.1024x682.jpg|2981104
308|2981104/1d385f42ca20dc27a14877de536abde5.scale.1024x682.jpg|2981104
309|2981099/7297bcf4392bbf27a5487c4fe68a56b9.scale.1024x682.jpg|2981099
310|2981099/127f84625566ab68e29238c86e715ca5.scale.1024x682.jpg|2981099
311|2981099/deeef3646ce013d456252b0f0bcbb42b.scale.1024x682.jpg|2981099
312|2981099/617c51b1c4ec3df46825959bca4abd6f.scale.1024x682.jpg|2981099
313|2981099/0311677128b55aea5330d3f60f420968.scale.1024x682.jpg|2981099
314|2981099/f2dfcd1b99191a8a388ad1588dad0af5.scale.1024x682.jpg|2981099
315|2981099/7608c5b3276842bfbd80b794cb12b21f.scale.1024x682.jpg|2981099
316|2981099/9e0dfba3449652ce26e955fc56f12884.scale.1024x682.jpg|2981099
317|2981099/70b5e8ac7aa0becdf517dd30971a7ec2.scale.1024x682.jpg|2981099
318|2981103/1b173d3529e6d889f7200d69e34fb3fc.scale.1024x682.jpg|2981103
319|2981110/a9e68591259eea3021de86354d7d2a93.scale.1024x682.jpg|2981110
320|2981103/e72eb52b69ecedb092d99900d5a5aea2.scale.1024x682.jpg|2981103
321|2981103/bebb7def50497c2fdd4801f6ec193118.scale.1024x682.jpg|2981103
322|2981103/b10ab477c56e367c9b4b5a82bf6e97ab.scale.1024x682.jpg|2981103
323|2981103/01d82826534cd5a5ce134673a7c2b08f.scale.1024x682.jpg|2981103
324|2981103/d536bfe5385fdf3a6e973e5b4c09076d.scale.1024x682.jpg|2981103
325|2981110/7bc0cdc834456acdafa1a7cd92d9da5d.scale.1024x682.jpg|2981110
326|2981110/3a27a4e217313a0cf72a6ea2311833e4.scale.1024x682.jpg|2981110
327|2981110/67dbf231fc1c8b8549d8c098941cb5f7.scale.1024x682.jpg|2981110
328|2981110/627d67a0bbd12d5a7a08e272ec544bca.scale.1024x682.jpg|2981110
329|2981110/b45c281e0f97886a31c6a55ee30d6a44.scale.1024x682.jpg|2981110
330|2981110/969b3585d536e9eef47e8b270a394b25.scale.1024x682.jpg|2981110
331|2981110/5c2f3e3f77e4de924d27311d24fd4a5f.scale.1024x682.jpg|2981110
332|2981110/d4e63bce21fb63d6be24a3f01b9f2597.scale.1024x682.jpg|2981110
333|2981110/3d088340eb18c323288c8d555f7c5eac.scale.1024x682.jpg|2981110
334|2981110/f867b55abc1f807d15b55bf71682cdc0.scale.1024x682.jpg|2981110
335|2981110/1d481d0b7613b16322a76a495d48522a.scale.1024x682.jpg|2981110
336|2981109/3d685bda566c40c8cfde09858ff5a426.scale.1024x682.jpg|2981109
337|2981108/a93d48dc35228c1efa2c140c3aeff8a2.scale.1024x682.jpg|2981108
338|2981109/c9957ddd97e1a79677c97c7e8609a32b.scale.1024x682.jpg|2981109
339|2981109/dea904eb5591dbb8121255feac9390e0.scale.1024x682.jpg|2981109
340|2981109/b11343f33bb5805aca8061a25de17247.scale.1024x682.jpg|2981109
341|2981109/d0ccaac0a094ee57b139c6a7b6d9b1b0.scale.1024x682.jpg|2981109
342|2981109/6922f60638517faa75c41319d8306c35.scale.1024x682.jpg|2981109
343|2981108/cee2c0e1242be1968f8479f4562b3624.scale.1024x682.jpg|2981108
344|2981108/84df3c952b673d323985d527ad36306e.scale.1024x682.jpg|2981108
345|2981108/1e9520a3201aa2791380ead384fd7a58.scale.1024x682.jpg|2981108
346|2981108/661f0b560085b5b99cb9c98d4b194e39.scale.1024x682.jpg|2981108
347|2981108/19ba22773fafab8ea0b2b63a609b2482.scale.1024x682.jpg|2981108
348|2981109/05774fc64d42e32dc568be10aa9305ac.scale.1024x682.jpg|2981109
349|2981109/55075ee8a2ee3332844f3fce784ca1e0.scale.1024x682.jpg|2981109
350|2981109/572d493d02f94a6553090a353c4eb970.scale.1024x682.jpg|2981109
351|2981109/89657471b82ce8b4db150d60e0fbfb59.scale.1024x682.jpg|2981109
352|2981109/0801c403d329dbf21689c1168d2b4a30.scale.1024x682.jpg|2981109
353|2981109/bc576bf2c619b9fa63b60fbbc512b812.scale.1024x682.jpg|2981109
354|2981109/57bd65d88880ac351533cffe41f76b97.scale.1024x682.jpg|2981109
355|2981109/03c9355203f79fc156dab8b5364d0f76.scale.1024x682.jpg|2981109
356|2981109/49d2e9f13fdd3c580cac1260d2157271.scale.1024x682.jpg|2981109
357|2981109/4fe0b7421274675f2f9ccd34627b390f.scale.1024x682.jpg|2981109
358|2981394/745e2efca68df2d2d6e2744503b8549c.scale.1024x682.jpg|2981394
359|2981394/d5c05c48ada2928bda184a1f3b5bce4c.scale.1024x682.jpg|2981394
360|2981394/c860f9a80527819a810b8057c76745ca.scale.1024x682.jpg|2981394
361|2982235/9e8c4d689d92d13b5f531e869df3e19e.scale.1024x682.jpg|2982235
362|2982235/5c4b56624a83716a34981db606d31c70.scale.1024x682.jpg|2982235
363|2982235/d7d1220317032b68ea2a9aca61ac0467.scale.1024x682.jpg|2982235
364|2982235/6d1cd8825be16ff5dc6fd8b6d2503a9c.scale.1024x682.jpg|2982235
365|2982235/c559276e4e82471d426fd4cec67bbd1c.scale.1024x682.jpg|2982235
366|2982235/6bcc851cb40bf051eefbcc31dd73d176.scale.1024x682.jpg|2982235
367|2982235/58c2fb5ce1ff6a53a4dd4ec13e1fcaa6.scale.1024x682.jpg|2982235
368|2982235/b19fa5cdcb63eec82fb1fdeeec77b1df.scale.1024x682.jpg|2982235
369|2982235/5acb9bd82b737daf2dbd9cfe7e893675.scale.1024x682.jpg|2982235
370|2982235/3c0c7b18073d62ce2ebb3ea6c5b25212.scale.1024x682.jpg|2982235
371|2982244/8f6cca721e1eae2141dd07eedb9b62d4.scale.1024x682.jpg|2982244
372|2982244/5861f077cf840e3fc18c55c012ab7a08.scale.1024x682.jpg|2982244
373|2982244/62a1336e9e0c45894873c0c3ce2b7de8.scale.1024x682.jpg|2982244
374|2982244/76d352b1bff6f06285940ff48ce756a5.scale.1024x682.jpg|2982244
375|2982244/545d1c8d7c4b140c79217d1feb05e717.scale.1024x682.jpg|2982244
376|2981389/7ec0f106a52279ab8293648a23d0ce6b.scale.1024x682.jpg|2981389
377|2981389/764653248bf61de619da6735b2e6a9bf.scale.1024x682.jpg|2981389
378|2981389/a24f42ad6cd941dcc1c915289c58475a.scale.1024x682.jpg|2981389
379|2981389/9c70e95604820d14225795833806fd49.scale.1024x682.jpg|2981389
380|2981389/e368a29970b99b7e7889754ab7089bf8.scale.1024x682.jpg|2981389
381|2981389/5301a0e07b53b5bac273da15694bd460.scale.1024x682.jpg|2981389
382|2981389/4b333fdf4e924c63b8be4303b879df52.scale.1024x682.jpg|2981389
383|2981388/b3105fb1a0a1b6ddeb9af30fb1a346a1.scale.1024x682.jpg|2981388
384|2981388/8ea16f13ceef768cea4ef33089de910c.scale.1024x682.jpg|2981388
385|2981388/a681c673ea69db2d5b3f1ab443e21bcf.scale.1024x682.jpg|2981388
386|2981388/e6ce35098e9dc46abf8743d4321ac723.scale.1024x682.jpg|2981388
387|2981388/0bc3001c780a2b2577b1f896db596b4e.scale.1024x682.jpg|2981388
388|2981388/38c81c9f59a37ef3a331b9869e3763cd.scale.1024x682.jpg|2981388
389|2982229/ff80db4b049c3222555f9994f79f2621.scale.1024x682.jpg|2982229
390|2982229/d7dc020d55b97b19d6982e63daab654c.scale.1024x682.jpg|2982229
391|2982229/6c417e50092705ca770550d4c3520b29.scale.1024x682.jpg|2982229
392|2982229/488b5928dc3b06b2391a7aa1b4b15add.scale.1024x682.jpg|2982229
393|2982229/61f12e465d98ecd605991374226b6b0a.scale.1024x682.jpg|2982229
394|2982229/62cf17a61c921407ab646554bef26c32.scale.1024x682.jpg|2982229
395|2982229/fc1af66d910e99e25a42aa6d3681d6a9.scale.1024x682.jpg|2982229
396|2982229/aac19cc2d58bcb1d5bcf3b6157109fdb.scale.1024x682.jpg|2982229
397|2982229/c084abf7d5302bdd26da587bdbe4cd54.scale.1024x682.jpg|2982229
398|2982229/a767c31747fa6b0ff7ade0754f76db74.scale.1024x682.jpg|2982229
399|2982231/8d55fba0a9c4af93dd5a53fd260b1d79.scale.1024x682.jpg|2982231
400|2982231/3c6bfff336ceacceed03ad362f7940c9.scale.1024x682.jpg|2982231
401|2982231/c3d82703b6f50e0799b324c7975ccbd5.scale.1024x682.jpg|2982231
402|2982231/7854e067a2b04acedad45e9e4a468c07.scale.1024x682.jpg|2982231
403|2982231/4d23be751a7dc15825bfca24fde3b87b.scale.1024x682.jpg|2982231
404|2982231/ac570946282fb2ae0e0b6a8b5ab22f67.scale.1024x682.jpg|2982231
405|2982231/85fa25942badaea939bca1af3c7f0a70.scale.1024x682.jpg|2982231
406|2982231/5a58607df67b91543cc98f9d092c3016.scale.1024x682.jpg|2982231
407|2982231/b35141dc19e2a6bf912d7bb1cbe0929c.scale.1024x682.jpg|2982231
408|2982231/3247592b12940d46d0ea8bf7db79cefc.scale.1024x682.jpg|2982231
409|2982246/f9e130b072dca00e6e73a446c461c8bc.scale.1024x682.jpg|2982246
410|2982246/1c95cc8f55eae8e982b5305fe82ba889.scale.1024x682.jpg|2982246
411|2982246/b71f32a0d839518be527a90d0f04ef54.scale.1024x682.jpg|2982246
412|2982246/c2f28ce50a83b956a465fc4e82d461cf.scale.1024x682.jpg|2982246
413|2982246/0ebf70af684a17a5a0287470f824784d.scale.1024x682.jpg|2982246
414|2982246/7050d317198df1503093f6f5385ef8f4.scale.1024x682.jpg|2982246
415|2982246/3a9d3e6837ee68ef878c09ac863ad98c.scale.1024x682.jpg|2982246
416|2982246/17c44fe966cf6557d2f99fc77669a126.scale.1024x682.jpg|2982246
417|2982246/8896ce6b292773abfa2424d9c8ec322f.scale.1024x682.jpg|2982246
418|2982246/22226eca02f20872b8d63bb84429e86d.scale.1024x682.jpg|2982246
419|2982246/7d95b49018393e6569eb9d5ad1569d5c.scale.1024x682.jpg|2982246
420|2982246/4565e8221640b85002a3f9e2298b23f8.scale.1024x682.jpg|2982246
421|2982246/7e79ec7ce10dd3e9b2dd3183f4d5a997.scale.1024x682.jpg|2982246
422|2982241/b3ccbf95aa16cf4e21879b8159a9b461.scale.1024x682.jpg|2982241
423|2982241/7236038b9766aebe2080112c961f42cf.scale.1024x682.jpg|2982241
424|2982241/042de33362a191aa141d66443a3ee895.scale.1024x682.jpg|2982241
425|2982241/b018e6c48900934a904bb264d821993b.scale.1024x682.jpg|2982241
426|2982241/aa68a604d5e3c39892ea4dec880f2622.scale.1024x682.jpg|2982241
427|2982241/f0b4b8001160ac2c93b045e3ae4aafba.scale.1024x682.jpg|2982241
428|2982241/64d05285af60df525728d0f760052daf.scale.1024x682.jpg|2982241
429|2982239/3691ceec053cb78aaba7472e91e5c819.scale.1024x682.jpg|2982239
430|2982239/663a2894f38574e91ccfc90d0f3ffb11.scale.1024x682.jpg|2982239
431|2982239/06f917ae0bfe85b3975e8c3c8a599faf.scale.1024x682.jpg|2982239
432|2982239/eb60eafe332f43be60dbcf6e02c608e0.scale.1024x682.jpg|2982239
433|2982239/d976a1b8201377414bf4bfb88b9a9373.scale.1024x682.jpg|2982239
434|2982239/d89d143c3553781645191ecbe31f7cb1.scale.1024x682.jpg|2982239
435|2982239/d64f6fba25d218d71a922f8c9b4fd63f.scale.1024x682.jpg|2982239
436|2982239/247e5e2ef45d088468292aaa1f40c0d8.scale.1024x682.jpg|2982239
437|2982239/81763a5635ad375bdfaccc07552ac96a.scale.1024x682.jpg|2982239
438|2982252/016cdc0098650d507eebd26f81ec26e9.scale.1024x682.jpg|2982252
439|2982258/f09eaa70125703987d3340453a887bc5.scale.1024x682.jpg|2982258
440|2982252/6baf1af9d79cd32ecab857fb74b913b6.scale.1024x682.jpg|2982252
441|2982252/d10c82a52bd821c67eeb07e4a48a8b5f.scale.1024x682.jpg|2982252
442|2982252/2b240541adfd968ae9665171656b1aa9.scale.1024x682.jpg|2982252
443|2982252/c3b2c0cd8a431f6b55bee16525513bd1.scale.1024x682.jpg|2982252
444|2982252/d32e47d250616a0fcf423f6ead82c3da.scale.1024x682.jpg|2982252
445|2982252/2ca61df7b71ff23cd3d00de7c2d31972.scale.1024x682.jpg|2982252
446|2982252/c8ab267f4a147eeb909cde3aeb599e42.scale.1024x682.jpg|2982252
447|2982252/ea38c8a33fd1c314fbf5478a4fe75d98.scale.1024x682.jpg|2982252
448|2982252/89c1e9f77c0456b687f7f9259d92d2a2.scale.1024x682.jpg|2982252
449|2982252/fd9d38768d2320cb0b7eb9889ccdcb2e.scale.1024x682.jpg|2982252
450|2982258/22497fac16d827fe10988255ce0544a6.scale.1024x682.jpg|2982258
451|2982258/ce52d37fd495b193c47b6e215dfa332d.scale.1024x682.jpg|2982258
452|2982258/042eda718a9023cfc1422f63c9f52330.scale.1024x682.jpg|2982258
453|2982258/85436df91647e706504a36bc93cf463a.scale.1024x682.jpg|2982258
454|2982258/65bd2641158fc8ef60aaf1eea47bf617.scale.1024x682.jpg|2982258
455|2982258/89990607189db567a26b1c9f595ae527.scale.1024x682.jpg|2982258
456|2982258/2dd8e716c5687c96d8c28d8b1f828a87.scale.1024x682.jpg|2982258
457|2982258/fcf7d92614cc7eefec2858774db9a8cb.scale.1024x682.jpg|2982258
458|2982258/9b796546ddb170edd4099a7dff1ba39d.scale.1024x682.jpg|2982258
459|2982258/658cef7872a966f7f177df4cfedf6558.scale.1024x682.jpg|2982258
460|2982258/f174baaf2c5e4e4b91a08f0f189b2cb2.scale.1024x682.jpg|2982258
461|2982258/f6886dbc9c5967c1db8cb191f4bfa615.scale.1024x682.jpg|2982258
462|2982775/f7171b793e50ccb6f84d182a225f41c2.scale.1024x682.jpg|2982775
463|2982247/5540a63e9b3623d48f015ae0d6eb264b.scale.1024x682.jpg|2982247
464|2982775/c3d9b83d6c00861c56ddfa1c2bed95be.scale.1024x682.jpg|2982775
465|2982775/6c1f8129cea6b0f8bf26cc07eda9723d.scale.1024x682.jpg|2982775
466|2982775/699ba706e44ad78a11ef90f24126d730.scale.1024x682.jpg|2982775
467|2982775/e0e8fc60e925ae832912b7958a63b115.scale.1024x682.jpg|2982775
468|2982775/0b8fb3e587f6e8647c0c4c67e50f32a8.scale.1024x682.jpg|2982775
469|2982775/262e5f743833e9c693f2cecc4c5e4926.scale.1024x682.jpg|2982775
470|2982775/3363a76e969a0b7d2172ca95a3910b42.scale.1024x682.jpg|2982775
471|2982775/9ea696725eced49cda226b9d91583238.scale.1024x682.jpg|2982775
472|2982775/b9c7410c2174a0ec454b19c2e916db68.scale.1024x682.jpg|2982775
473|2982775/8a9d1b851d6d554c289863e5b516310e.scale.1024x682.jpg|2982775
474|2982775/596a027eff0cebf10fd79cdbf984c3d0.scale.1024x682.jpg|2982775
475|2982247/2092f2375bd3c59f12ab7d4293bcc67c.scale.1024x682.jpg|2982247
476|2982247/3e11d469b0739dd3b04e00c64fe6b15c.scale.1024x682.jpg|2982247
477|2982247/ee5c925423f066589a437c20c11695a5.scale.1024x682.jpg|2982247
478|2982766/868c478ac5ce294f73bff4801210207b.scale.1024x682.jpg|2982766
479|2982766/c2146c3db76078b3141889a37d163775.scale.1024x682.jpg|2982766
480|2982766/d94c04942cc8d42d53f88f25759d1236.scale.1024x682.jpg|2982766
481|2982778/58086e8a39046cd9f37b534c02f91571.scale.1024x682.jpg|2982778
482|2982778/ee61eb7556f1a9020395ab1e5052c2fa.scale.1024x682.jpg|2982778
483|2982778/17da93ef125e16505a0567774a37b362.scale.1024x682.jpg|2982778
484|2982778/b30de313543c1180a226ef84cc000eff.scale.1024x682.jpg|2982778
485|2982778/a78dcf55e971e8b853b803cc8ba4531b.scale.1024x682.jpg|2982778
486|2982778/5582fcc793aa894a38ee7f297e340381.scale.1024x682.jpg|2982778
487|2982778/dab46e623d5ac921877c7d37cea7a166.scale.1024x682.jpg|2982778
488|2982778/ffa3d913b95fc100accea9220565f5aa.scale.1024x682.jpg|2982778
489|2982778/09cd6344979eae5aa3ec0bd24bfa0a83.scale.1024x682.jpg|2982778
490|2982778/2cd1a53d61920768c161bd975176a9d5.scale.1024x682.jpg|2982778
491|2982778/0e8e8637a9f84222bf3c28e5d07f0847.scale.1024x682.jpg|2982778
492|2982778/5fdf671e5e1f0315b3f92a104237e295.scale.1024x682.jpg|2982778
493|2982778/d82da76d2e13816bcbe5c349cf70c8a0.scale.1024x682.jpg|2982778
494|2982778/51953748c299ab8a75e59b1e5446f83d.scale.1024x682.jpg|2982778
495|2982778/d8b9ed06f81b5ef914f06dc54ac24bac.scale.1024x682.jpg|2982778
496|2982778/99aa1f1eef2de97d2050d9ae84dbcf20.scale.1024x682.jpg|2982778
497|2982778/88cc5ae1ff433dcc4861d2b38532b52b.scale.1024x682.jpg|2982778
498|2982799/7329b5d1e814c9b28583ae5d113b9c94.scale.1024x682.jpg|2982799
499|2982799/c7e3e381f468fe54c79f70c892009d33.scale.1024x682.jpg|2982799
500|2982799/97149ee76cdf9f698823ea87be585b5b.scale.1024x682.jpg|2982799
501|2982799/c25cdfcf0c6ae4f31209e2066d10cc53.scale.1024x682.jpg|2982799
502|2982799/4757ff8817d6d637652a625ae6816bbc.scale.1024x682.jpg|2982799
503|2982799/049dff2b9399996ef0ef004edfed7797.scale.1024x682.jpg|2982799
504|2982799/01b942c8aff6e477ebb70b8e41db370d.scale.1024x682.jpg|2982799
505|2982799/32bdd8ea5cd79f1cadb99acefce345b6.scale.1024x682.jpg|2982799
506|2982799/b7bbabbc89093f4893ad95175100c04a.scale.1024x682.jpg|2982799
507|2982771/7b2bf68e7a9fb61b21322222e32eb63d.scale.1024x682.jpg|2982771
508|2982771/fe7f6f875d4d0e565114f9235503700a.scale.1024x682.jpg|2982771
509|2982771/91c9c3a18efd9b5afaace262713c0d07.scale.1024x682.jpg|2982771
510|2982771/04e40976814e158a47ffdcb8c2c32376.scale.1024x682.jpg|2982771
511|2982771/6825c7831c2482404c41f74388075b1e.scale.1024x682.jpg|2982771
512|2982771/819590aef54a63991c78c64447de3068.scale.1024x682.jpg|2982771
513|2982771/84c83b4fba6dc4d620e4139a4a2cd68a.scale.1024x682.jpg|2982771
514|2982771/deddab10caba8132cc7ed0ce5f44906a.scale.1024x682.jpg|2982771
515|2982771/0777183e4ce9ce65d54a6139d3f19f0a.scale.1024x682.jpg|2982771
516|2982771/c2a613803e39ba3c22a3e603d88fbba1.scale.1024x682.jpg|2982771
517|2982771/5ab20ee1bc88dcce88a9e85c8fc9b06c.scale.1024x682.jpg|2982771
518|2982771/3cbe18395c32e3e50bdee6565f79d2bc.scale.1024x682.jpg|2982771
519|2982771/f12f29d10bd251f7be006b882df9bd32.scale.1024x682.jpg|2982771
520|2982771/a4e24b9787fde0b70a3916e3127deffe.scale.1024x682.jpg|2982771
521|2982771/b2eefc6d73108b8332fe77e4b71b43f6.scale.1024x682.jpg|2982771
522|2982771/59c39e88c6210604af99934da023e01e.scale.1024x682.jpg|2982771
523|2982771/5071dd97e3890813aa725a9f6143886b.scale.1024x682.jpg|2982771
524|2982771/4a89c241d66cf20a02f8baf48b385fee.scale.1024x682.jpg|2982771
525|2982771/0fe2258f36b8fe8525204f4134bf5903.scale.1024x682.jpg|2982771
526|2982800/2616539f0f82c2fc69372de600117a87.scale.1024x682.jpg|2982800
527|2982800/88095fe9b70279d4cc198d27fb36a444.scale.1024x682.jpg|2982800
528|2982800/1c37297ca8b00fd66e002325dbf19a81.scale.1024x682.jpg|2982800
529|2982800/037bd882f2a3d21158fe17dca5173f72.scale.1024x682.jpg|2982800
530|2982800/cc2f43a3d7122bd489f0ebd7bd1e3348.scale.1024x682.jpg|2982800
531|2982800/5f7817405a5f4849453931d893062981.scale.1024x682.jpg|2982800
532|2982800/3341b0f7825436b8541ec0dc2e6a108f.scale.1024x682.jpg|2982800
533|2982800/73c74f6f3677844a813e51f0f694d1a3.scale.1024x682.jpg|2982800
534|2982800/19ef5096d805ba1c2037ce69b5d86117.scale.1024x682.jpg|2982800
535|2982800/81d509a99def2845c3fd629d10529dc5.scale.1024x682.jpg|2982800
536|2982800/ed31e871e39096e5af0a64ca379255da.scale.1024x682.jpg|2982800
537|2982800/c4106866955f77143831511286aa99aa.scale.1024x682.jpg|2982800
538|2982800/a6dabd258e0855b51a26d82fd7e64689.scale.1024x682.jpg|2982800
539|2982800/5120c15908a9d39119b8cb46fe936380.scale.1024x682.jpg|2982800
540|2982800/304aba5a4e16d7d7b0f22ebe9a152095.scale.1024x682.jpg|2982800
541|2982800/c5a0ec9739c71942f1067d2d3c58332f.scale.1024x682.jpg|2982800
542|2982804/c65628be68409c368e68aef68219a3bd.scale.1024x682.jpg|2982804
543|2982793/b98f35be0a2f9db3cd7d1b12ba86b25f.scale.1024x682.jpg|2982793
544|2982804/03196441f0c94265c1a67326ab1fd176.scale.1024x682.jpg|2982804
545|2982804/01233531915faea194cae6431d771da6.scale.1024x682.jpg|2982804
546|2982804/c5fc43534aa178b3c899b2a89872c548.scale.1024x682.jpg|2982804
547|2982804/b8ae71e81999f26a8468dcdf68ea62e6.scale.1024x682.jpg|2982804
548|2982804/32f68e0a092caccbbc52b8b418200faf.scale.1024x682.jpg|2982804
549|2982793/bf5f60ee5ecb0a87a48d50ee219372eb.scale.1024x682.jpg|2982793
550|2982793/e89f0d49738495be7de7f9a5a4266ad9.scale.1024x682.jpg|2982793
551|2982793/0e9c0e2f6adc7fd96519770bec25bced.scale.1024x682.jpg|2982793
552|2982793/212975448eaa2357887810b4b28474dd.scale.1024x682.jpg|2982793
553|2982793/5898454f6ab8937488a74961e72ea323.scale.1024x682.jpg|2982793
554|2982793/0897590a4fe95365f38623cebdb846d9.scale.1024x682.jpg|2982793
555|2982793/53ad095900e11ec8222a377c361ead5c.scale.1024x682.jpg|2982793
556|2982793/aca161f8a93c76966340be85313ffbe2.scale.1024x682.jpg|2982793
557|2982793/a15de13190be87457c64101cd6e166eb.scale.1024x682.jpg|2982793
558|2982793/b7997d9e222d91ebaf6ddb6c3614de39.scale.1024x682.jpg|2982793
559|2982793/e639a96972702d8a48d4b72ba0fe8c9c.scale.1024x682.jpg|2982793
560|2982793/7c616e51505bf42d49ec0af458063ccc.scale.1024x682.jpg|2982793
561|2982793/d94cac5887b1565c9c1b832207782f36.scale.1024x682.jpg|2982793
562|2982769/99514190d5c73cf7656b9ab612ab409c.scale.1024x682.jpg|2982769
563|2982769/49f783185e3d4582a220cab892c40a01.scale.1024x682.jpg|2982769
564|2982769/e39a08d69e2229e47bc0157538ab6fe2.scale.1024x682.jpg|2982769
565|2982769/1d5ef770a59e32a48214d03b5192531c.scale.1024x682.jpg|2982769
566|2982769/29c8ce0361bdd8d3149d35234ba8bb9f.scale.1024x682.jpg|2982769
567|2982769/43950d8961a54f923db308f3780121af.scale.1024x682.jpg|2982769
568|2982769/d89b3acedfaabad51542b5a4425b988e.scale.1024x682.jpg|2982769
569|2982769/a8aeca4a180313d62ae27028180b47c7.scale.1024x682.jpg|2982769
570|2982769/651fc94212913695018295a53d23964b.scale.1024x682.jpg|2982769
571|2982769/46be6c9703ef5a1ae4f7bbafb9259d7c.scale.1024x682.jpg|2982769
572|2982769/9b489c7f5ef7af4b4736b9f3e2893f25.scale.1024x682.jpg|2982769
573|2981402/fa10349754be38d45bcb89fdf84a9605.scale.1024x682.jpg|2981402
574|2981402/92a8c25740cd9ce9f8b52eea423b8aa0.scale.1024x682.jpg|2981402
575|2981402/e19a65f85db5437f28e5c879ee477ced.scale.1024x682.jpg|2981402
576|2981402/92432f3a8030d12f9c3bde3bc324a301.scale.1024x682.jpg|2981402
577|2981402/707f463b8ad0101813cd443587b22922.scale.1024x682.jpg|2981402
578|2981402/8487cdd95bfe63f5ad420f1b3b2879f3.scale.1024x682.jpg|2981402
579|2981402/f762dbeb5130ceb339afe0b56a6167b7.scale.1024x682.jpg|2981402
580|2981402/cf074c6769ccb0a94d338c62fcab823e.scale.1024x682.jpg|2981402
581|2981402/7211e7dc3c60af645618f9a7d8e50c34.scale.1024x682.jpg|2981402
582|2981402/fdf610c80a56c982de9f7ff08f95d449.scale.1024x682.jpg|2981402
583|2981402/2f956690e732afe3c3658481e0c28bb6.scale.1024x682.jpg|2981402
584|2981402/86aff8ce9870a2c9b8de69c4943c19e3.scale.1024x682.jpg|2981402
585|2981402/a657562741ce8e55003c9a309055e2bf.scale.1024x682.jpg|2981402
586|2981402/d15f4cfd3e2db1f66e7adc5c5e8d9cf7.scale.1024x682.jpg|2981402
587|2981402/dacdefb29c26e51c2fbb849ce179de22.scale.1024x682.jpg|2981402
588|2981402/39792d13aad1e485df54ab445d3dd96d.scale.1024x682.jpg|2981402
589|2981402/3749bbd1a6bf79c9431ff1373331a760.scale.1024x682.jpg|2981402
590|2981402/cb4946e6535cd2311f311f688e81827e.scale.1024x682.jpg|2981402
591|2981402/9dc96e00743d8a0a8ea09dd7859fad53.scale.1024x682.jpg|2981402
592|2981402/ccb2eaab5696f8f9d6d37e63596e5c0b.scale.1024x682.jpg|2981402
593|2981402/2cf0e16a3675b5bdb5881c6e0ba0cd0f.scale.1024x682.jpg|2981402
594|2982792/1752dc08fc07fc2cac31dd2898f0e2fe.scale.1024x682.jpg|2982792
595|2982792/24c07de662a553bb49872c10919d64ae.scale.1024x682.jpg|2982792
596|2982792/d461e65de4bd74122197801dae582072.scale.1024x682.jpg|2982792
597|2982792/74c2a151a6029cc922312bf12cbf5906.scale.1024x682.jpg|2982792
598|2982792/b5a04c6e9acd96eb570bcf552a2d12d4.scale.1024x682.jpg|2982792
599|2982792/18e0963117bd1231f5c9d7356c91e9a3.scale.1024x682.jpg|2982792
600|2982792/d3e70b5248ea80263ca5c9066fa6d27c.scale.1024x682.jpg|2982792
601|2982792/a9f194462f030b34877e99f824499eef.scale.1024x682.jpg|2982792
602|2982792/507d6a566795439c8edbcd86d9681954.scale.1024x682.jpg|2982792
603|2982792/a7d01f56d8b5d052127819d711cbd1c7.scale.1024x682.jpg|2982792
604|2981403/84b4ffd7ea707647aca42a050450b2c2.scale.1024x682.jpg|2981403
605|2981403/9cf5bcd48e3f37daebf867e64480ccbb.scale.1024x682.jpg|2981403
606|2981403/ed1cae93a0b4a924927e090c3dc91efc.scale.1024x682.jpg|2981403
607|2981403/d0688b8603cb1525f1365e087aede458.scale.1024x682.jpg|2981403
608|2981403/75a847eab1cf0e053b2fc30690e30c29.scale.1024x682.jpg|2981403
609|2981403/2d64ad11c071551f0c200ee521654764.scale.1024x682.jpg|2981403
610|2981403/8b57b409ea9f1920ac5672df54e7bd8c.scale.1024x682.jpg|2981403
611|2981403/36dbdd135fa6aeb5d0fcd0f82bf62673.scale.1024x682.jpg|2981403
612|2981403/0ea07567adb4a6d603cf699163bb67a8.scale.1024x682.jpg|2981403
613|2981403/87388c53043a06e3a28be588cac97bf9.scale.1024x682.jpg|2981403
614|2981403/8a26806065cd2cc3ea0ada1a8db482ec.scale.1024x682.jpg|2981403
615|2981403/8f07e838a37c0e1af9bf709a49447885.scale.1024x682.jpg|2981403
616|2981403/d8a946d7f0c2c7d05a1c4f8c7dc9c7f2.scale.1024x682.jpg|2981403
617|2981403/bb87ed981ab9513451dfe5c3da92dc58.scale.1024x682.jpg|2981403
618|2981403/7cd09d7c8e12e34efe8bd3e5e7b4b02f.scale.1024x682.jpg|2981403
619|2981403/e6c5a104aa8cb2e6fee6f98c7d9cf69f.scale.1024x682.jpg|2981403
620|2981403/2026bd7170d7062d1947dbf1cc8f8c65.scale.1024x682.jpg|2981403
621|2981403/db076df48bbd48690806af6ff25b6fbf.scale.1024x682.jpg|2981403
622|2981400/0055ceaf0a755c004e26bb7b4a38e71e.scale.1024x682.jpg|2981400
623|2981400/7a35c940192bd481ca3bc259ac13d827.scale.1024x682.jpg|2981400
624|2981400/f767a59a476d478ec2658f2a9da04f07.scale.1024x682.jpg|2981400
625|2981400/cff71cceb53948401e57746c4d84f20a.scale.1024x682.jpg|2981400
626|2981400/2188be54cfcf9ff9b6ab824f36ddc085.scale.1024x682.jpg|2981400
627|2981400/5e18a37d8e8c2f190411689f27c4cdec.scale.1024x682.jpg|2981400
628|2981400/c442271e4690583978ccf551fda9e8fb.scale.1024x682.jpg|2981400
629|2981400/c4b5ee3df6178c487035f9df70fe7ea3.scale.1024x682.jpg|2981400
630|2981400/9751b523b54ffd45efb4a0c74bb09033.scale.1024x682.jpg|2981400
631|2981400/ddc417a0f5050407c8ebab62bd203142.scale.1024x682.jpg|2981400
632|2981882/8643df0234d137401d42c17472656d42.scale.1024x682.jpg|2981882
633|2981400/4b597edbc98d2253910fbf66cd5528cc.scale.1024x682.jpg|2981400
634|2981882/52b53f0c9dfb02c5e40cdebd27b72bbe.scale.1024x682.jpg|2981882
635|2977982/91af0481a7f3552308d9a840f6458609.scale.1024x682.jpg|2977982
636|2981886/6f04ede7af7d289e6281195d14f85471.scale.1024x682.jpg|2981886
637|2977982/dc05e6b314dbefb0a16e11fde5bb2e60.scale.1024x682.jpg|2977982
638|2977982/c08ce088bb84831de071a88396b0238c.scale.1024x682.jpg|2977982
639|2977982/2bb4443ccfb3f6b9c407defe894dfbd7.scale.1024x682.jpg|2977982
640|2981886/dbcfcd91d482cd3e1029f67469b869c9.scale.1024x682.jpg|2981886
641|2981886/830968343083d93343301f946ca3a5b7.scale.1024x682.jpg|2981886
642|2981886/9fdd3391a801af3a90a4f7ca9fbb4bcc.scale.1024x682.jpg|2981886
643|2981886/071e6cdb72442a8fb79cc14134ecdff8.scale.1024x682.jpg|2981886
644|2981886/a874f7872c1e9fceb86c0fee96ab2f3d.scale.1024x682.jpg|2981886
645|2981886/8d37e104577223d2c2a34ba113aca2f8.scale.1024x682.jpg|2981886
646|2981886/7ad57a9e85f9af91626cbf50b5182a36.scale.1024x682.jpg|2981886
647|2981886/e233f181a0601ac03f600ab77a566f4c.scale.1024x682.jpg|2981886
648|2981902/f81fd1ffdffa143e5c860092247df992.scale.1024x682.jpg|2981902
649|2977982/0c0d448fa8870c2811083a508f575fbc.scale.1024x682.jpg|2977982
650|2977982/d64d8eea77a321973edbfb0b2904ce91.scale.1024x682.jpg|2977982
651|2977982/34ddce592ef0d4a33bc4fe8950f066a0.scale.1024x682.jpg|2977982
652|2977982/a96a95420a8d45d9a54ed816a930acdc.scale.1024x682.jpg|2977982
653|2977982/c200281631bfc4095869ab055989a21a.scale.1024x682.jpg|2977982
654|2977982/5fcc270a36c98a72a4c6f247f5040047.scale.1024x682.jpg|2977982
655|2977982/90cb3f99c30c9b61b54d89afa7b8371c.scale.1024x682.jpg|2977982
656|2981902/7bc8d5c2c61ef808c185a0553756b0d1.scale.1024x682.jpg|2981902
657|2981902/6499c8cbc5341da1b75970902389e775.scale.1024x682.jpg|2981902
658|2981902/80bf346e7311c14b17dfcf492a0b975f.scale.1024x682.jpg|2981902
659|2981902/a181106e83e6ec613081246769b2286f.scale.1024x682.jpg|2981902
660|2981902/86eaf89264e06c6f0d6c9617b688490a.scale.1024x682.jpg|2981902
661|2981902/455f35b812da5b201200746963c263f3.scale.1024x682.jpg|2981902
662|2981902/8dcdd544ee4ed6261f14d448eb374faa.scale.1024x682.jpg|2981902
663|2981902/15a2346cc9ec152ec5ebeaa501272ad6.scale.1024x682.jpg|2981902
664|2981902/c824192ff8457ba35458bc8904788e77.scale.1024x682.jpg|2981902
665|2981902/c67e717f412da14c8d2872cb0ca3da97.scale.1024x682.jpg|2981902
666|2981902/912f6f4d5e434a12eef66839599d7094.scale.1024x682.jpg|2981902
667|2981902/8282a78316312f767663c3787b1d6d20.scale.1024x682.jpg|2981902
668|2981902/9bbbefc762720d26e63ea7b57d2ff509.scale.1024x682.jpg|2981902
669|2977982/b5aa5bf4c1a5ce2586f5359bb14e0425.scale.1024x682.jpg|2977982
670|2981911/d3e43cc664af5032d3606f5ca75dbc18.scale.1024x682.jpg|2981911
671|2981911/0a17f3da0e4fc92ffd4aeef9a1a214df.scale.1024x682.jpg|2981911
672|2981911/457f16f14743dc60b6b31692374f0427.scale.1024x682.jpg|2981911
673|2981911/f52e2bc20209f2e2704fc974d76fac7d.scale.1024x682.jpg|2981911
674|2981911/53bc4c1797088acd1f3eba633eda7990.scale.1024x682.jpg|2981911
675|2981911/f3a1fcaaaa3c628e71fd8ee07bdc9fad.scale.1024x682.jpg|2981911
676|2981911/af8103fc50eb683e14edb30ae6bcba1b.scale.1024x682.jpg|2981911
677|2981911/13d138dd6d8dd2a4fd04edeecc49db09.scale.1024x682.jpg|2981911
678|2981911/b4898afea0ba9eb9d044fd2c998368b1.scale.1024x682.jpg|2981911
679|2981911/7ca45dc9440dff80febabcf0ab4dfa2a.scale.1024x682.jpg|2981911
680|2981911/782c867a70bad81ecd2a71f996cfc210.scale.1024x682.jpg|2981911
681|2981911/b74b4e297c34d318e0fae94fac930f8c.scale.1024x682.jpg|2981911
682|2981911/dff1e3b3553038725bc7a479655ae588.scale.1024x682.jpg|2981911
683|2981911/eea1e9a82995f66e6f6fb3262e567b4e.scale.1024x682.jpg|2981911
684|2981911/af564a160393d0d48be3d6119c2d5316.scale.1024x682.jpg|2981911
685|2981911/315da0203efcd26efd1923231c22db1e.scale.1024x682.jpg|2981911
686|2981909/26c459b8aacf960eb2bd4bbb53740836.scale.1024x682.jpg|2981909
687|2981909/073fc4b0d754052e4c1d768f8457ec27.scale.1024x682.jpg|2981909
688|2981909/8399d20d9a724cf5daae06552a0ee4e6.scale.1024x682.jpg|2981909
689|2981909/3849b61b269404420d57f2b2c40fd53e.scale.1024x682.jpg|2981909
690|2981895/6abc2221a4af5a7dfab7ea49bb499d4a.scale.1024x682.jpg|2981895
691|2981909/5c13692968ccb56aae1c482ca47b18b4.scale.1024x682.jpg|2981909
692|2981909/30bbfe329897879e281445c5e520b6b6.scale.1024x682.jpg|2981909
693|2981909/8609449d5bb416078c1095836e98c94b.scale.1024x682.jpg|2981909
694|2981909/e78283c085b3336a331bb863ba9c2e49.scale.1024x682.jpg|2981909
695|2981909/ee888b51ab5e35987ed03cce4870b7c5.scale.1024x682.jpg|2981909
696|2981909/14ebc021e1e5d5ca75aac6f743549996.scale.1024x682.jpg|2981909
697|2981895/424f1c87358c1457167101c370a9077e.scale.1024x682.jpg|2981895
698|2981895/a6a777b8a6df61fb29c99521aebc65aa.scale.1024x682.jpg|2981895
699|2981895/364f26bcf9bcce1f99fa04d4eead5427.scale.1024x682.jpg|2981895
700|2981932/fe89a08dff090c70edca956dd9853818.scale.1024x682.jpg|2981932
701|2981932/3d3d86f1404c170d0e6b4fe0f0e65ea9.scale.1024x682.jpg|2981932
702|2981932/8a8865e50ebdf2ca040399dfbd978477.scale.1024x682.jpg|2981932
703|2981932/1173c0b0f1f75181d220d7bfe11df859.scale.1024x682.jpg|2981932
704|2981932/a4238ca6c7270234c4972b2562c4e4f0.scale.1024x682.jpg|2981932
705|2981932/b50a6380744e3db9b85a9ce4f9bc169b.scale.1024x682.jpg|2981932
706|2981932/c258151ef7b7e2e5d43c5b38bf18c949.scale.1024x682.jpg|2981932
707|2981932/9c6ec80f5d273ecabfbdb01406388ae5.scale.1024x682.jpg|2981932
708|2981932/ad5bd8117b91dce6707075913829ab2a.scale.1024x682.jpg|2981932
709|2981932/9e1a75bd31dae875bc754bb0cb861dfe.scale.1024x682.jpg|2981932
710|2981904/4aa210ae8740870eb6071515af84b3eb.scale.1024x682.jpg|2981904
711|2981904/4797892852df26463a824ca90c76bd46.scale.1024x682.jpg|2981904
712|2981928/f5af40431a163f02673aa6ebbffbb9d0.scale.1024x682.jpg|2981928
713|2981903/3d773bdf71bd739d96e357f98f8fb167.scale.1024x682.jpg|2981903
714|2981900/7375219ab1cc203e8fc79423257ad2e5.scale.1024x682.jpg|2981900
715|2981928/aa99d75f83551c6eceeed13ee6ae941c.scale.1024x682.jpg|2981928
716|2981928/147b269275013f7b91927df9dd05c837.scale.1024x682.jpg|2981928
717|2981928/de2a2ba0993397f3eb012f06cf449dbb.scale.1024x682.jpg|2981928
718|2981928/d6d09d004763bd69a758f12054536d65.scale.1024x682.jpg|2981928
719|2981928/a37d31417bf19c125c02cee30e6343f2.scale.1024x682.jpg|2981928
720|2981928/136d54ce16995a45bf08faa19ae11e2c.scale.1024x682.jpg|2981928
721|2981928/4342dde5ec4ee2e9341aa593f6cc7a1d.scale.1024x682.jpg|2981928
722|2981928/032fd4cfbc3876ff181eb239a0124288.scale.1024x682.jpg|2981928
723|2981928/9cb30bb956a547800408ae928e1daaa5.scale.1024x682.jpg|2981928
724|2981928/01de3d613cc9fd3033e099e76d36e566.scale.1024x682.jpg|2981928
725|2981928/2cb78a4ffd53eeb475dfbb834187064f.scale.1024x682.jpg|2981928
726|2981928/2019f0ad258e7937e20ab2e10533aeb6.scale.1024x682.jpg|2981928
727|2981928/826ae4c3479f460118e2f4e34b8d57fc.scale.1024x682.jpg|2981928
728|2981928/699dec174858ec62de0328da5daa3e28.scale.1024x682.jpg|2981928
729|2981928/51ede9301b83376ceba9d4898d82568e.scale.1024x682.jpg|2981928
730|2981903/9a80e03d31761f78d90dbba259937514.scale.1024x682.jpg|2981903
731|2981900/87ce67ce982260831d13e8665df9ee01.scale.1024x682.jpg|2981900
732|2981900/cac4fd894ee679d3731e579aac800420.scale.1024x682.jpg|2981900
733|2981900/96f87b0f022b9b3f1645bdb49c4eabc9.scale.1024x682.jpg|2981900
734|2981900/af9308c6594277222e50cec31ed95290.scale.1024x682.jpg|2981900
735|2981900/69dcbf1304d287b646d49079b60527fd.scale.1024x682.jpg|2981900
736|2981900/031ba5225f8aad09a1de251a38e2a8b4.scale.1024x682.jpg|2981900
737|2981900/c61a6a3241c3886c1ae66d60ec038b9e.scale.1024x682.jpg|2981900
738|2981900/26f5fc8bfce2af0174260f1b850875e3.scale.1024x682.jpg|2981900
739|2981900/f39c965cf52dadcf63eab13dc1fcd6c0.scale.1024x682.jpg|2981900
740|2981900/0bad49a9f8d7b0a2e26d12f12ad786ff.scale.1024x682.jpg|2981900
741|2981903/73f79ebfc6dd0f34a6098ac1f5b9f9b3.scale.1024x682.jpg|2981903
742|2981903/325040ecbf419657dd93b9d7c6cc7066.scale.1024x682.jpg|2981903
743|2981903/71038b934f0583d4c3ce335617c01fd1.scale.1024x682.jpg|2981903
744|2981903/3975df1b5a817793ce1c6d7db5ebc505.scale.1024x682.jpg|2981903
745|2981903/5ea4b73cff021de72ebce32e5db055b0.scale.1024x682.jpg|2981903
746|2981903/3f5886e6f7972bc082c7306969ee5d52.scale.1024x682.jpg|2981903
747|2981924/6862a3f47b0e0eab2d22d4227c7d80a6.scale.1024x682.jpg|2981924
748|2981922/a72fdbe8bcf68de0e08997b21480f78a.scale.1024x682.jpg|2981922
749|2981922/617a053c5bc37b1e169ea4978042ca6f.scale.1024x682.jpg|2981922
750|2981922/de2a9332ff464e25ff195c733667b526.scale.1024x682.jpg|2981922
751|2981922/b700114481550b1c90aeb5f5ff6577e2.scale.1024x682.jpg|2981922
752|2981922/bb2b0b91424d056bd386cf62252f3125.scale.1024x682.jpg|2981922
753|2981922/b03ecc387e9b62741ecb881e5ba76d2b.scale.1024x682.jpg|2981922
754|2981922/fe5469a136cdaf4f738621a39d9dfc31.scale.1024x682.jpg|2981922
755|2981922/240266450b16e0634f3df76ae80fb891.scale.1024x682.jpg|2981922
756|2981922/c2259946381b86c63dc0338b4e4e1ae0.scale.1024x682.jpg|2981922
757|2981922/8d0febc3363c0dede355e6d347a88eb5.scale.1024x682.jpg|2981922
758|2981922/d85597219b14c7822f2ece5141bc31f8.scale.1024x682.jpg|2981922
759|2981922/02fcd384e87f90e88663c3fb8999a218.scale.1024x682.jpg|2981922
760|2981922/3ae6c4ccfddf23354dc7e870383ef837.scale.1024x682.jpg|2981922
761|2981922/7293dfd5cfceb7495e4d70c27788a3fa.scale.1024x682.jpg|2981922
762|2981922/ea635e46a47a62faaa873f8d39c3d350.scale.1024x682.jpg|2981922
763|2981922/8388ae23b3131657f7cbbf4eafa5294b.scale.1024x682.jpg|2981922
764|2982796/f5773b432c05f7eda21a3834cdc218b8.scale.1024x682.jpg|2982796
765|2982796/2fb3b0481366852c4b536333ef499c3e.scale.1024x682.jpg|2982796
766|2981942/7441f0edeaea49be203c175f456a879a.scale.1024x682.jpg|2981942
767|2981942/6590fd9ffb869e31f282e6caf2ca388d.scale.1024x682.jpg|2981942
768|2981942/6a378c79ae0a9a3912c89512f4600b9a.scale.1024x682.jpg|2981942
769|2981942/84b7caa4b16befc16ab2ddfacb63cfa7.scale.1024x682.jpg|2981942
770|2981942/e92f4830c3330239c4e6e1f1f15aca1b.scale.1024x682.jpg|2981942
771|2981942/0f97e50e93c3a4b3fc178e6c1b56f3c7.scale.1024x682.jpg|2981942
772|2981942/37d5df1f5fcaa4112b99eb854437f058.scale.1024x682.jpg|2981942
773|2981942/ef8a9b7513fa7bf0423893b7e919f39b.scale.1024x682.jpg|2981942
774|2983510/33ffceee705e8b1205d63c30c01c27e8.scale.1024x682.jpg|2983510
775|2983510/530e2742e73f08e778c36878f8810c41.scale.1024x682.jpg|2983510
776|2983510/75bed942dbd190d95ad13200cfa74792.scale.1024x682.jpg|2983510
777|2983510/f2f7203c97c11a5fc28163acc7c5301e.scale.1024x682.jpg|2983510
778|2983501/28f32016dcf822dec37bc75791e6af15.scale.1024x682.jpg|2983501
779|2983501/c8597691c1bb6054729c2ce6c7f6a761.scale.1024x682.jpg|2983501
780|2983501/2a2a6901fb044476b4076b8aa93c22ea.scale.1024x682.jpg|2983501
781|2983501/5cc639fec531722385cb396ba1a1c5ad.scale.1024x682.jpg|2983501
782|2983501/362ae08b0450908ce9d12897376e6902.scale.1024x682.jpg|2983501
783|2983501/dd3a833792697d795f04cea1efb8b4c7.scale.1024x682.jpg|2983501
784|2983501/09c1866f91d251bbd6af120b5edceab0.scale.1024x682.jpg|2983501
785|2983501/ada106d4ecea15a0e16cedd82802a69b.scale.1024x682.jpg|2983501
786|2983501/c47f42193d89cbbaeb30a4e20766bf11.scale.1024x682.jpg|2983501
787|2983501/a57993a452997cfd7229168627460150.scale.1024x682.jpg|2983501
788|2983501/d76dd11b8a4fe5e985cc1e914704256f.scale.1024x682.jpg|2983501
789|2983501/8ee142b030e64f340e3755409d37e074.scale.1024x682.jpg|2983501
790|2982821/c892de9b20088cf6e34a4160d5c7d4f6.scale.1024x682.jpg|2982821
791|2983491/4afd139fde9762c9a4ac8e87959a57cb.scale.1024x682.jpg|2983491
792|2983491/567014f0017afddc47887751045cb761.scale.1024x682.jpg|2983491
793|2983491/5b0cdfe907c3ed8300dbcc9478065dc3.scale.1024x682.jpg|2983491
794|2983491/9349e90a0c2fafe5ccb8ef5786faedf9.scale.1024x682.jpg|2983491
795|2983491/921737a72322b5e39eaf30d120ed5a8c.scale.1024x682.jpg|2983491
796|2983491/788d685796cea95e3b00956007583614.scale.1024x682.jpg|2983491
797|2983491/f662932bd91f64af51a278ce4dd77ee7.scale.1024x682.jpg|2983491
798|2983491/67d08ec34946e5f2aafc9c25626c4449.scale.1024x682.jpg|2983491
799|2983491/317427cf16f518d6e685d104a20bc216.scale.1024x682.jpg|2983491
800|2983491/8b02e362e83bf238016e6e6e4d055e65.scale.1024x682.jpg|2983491
801|2875567/8cab4cb1bda2cc3cfe5638fd4e69f05c.scale.1024x682.jpg|2875567
802|2875567/33007c53a161da764f94254b7d938a7d.scale.1024x682.jpg|2875567
803|2875567/de1e09939659b9a7aefd4b155df3597c.scale.1024x682.jpg|2875567
804|2875567/92d1f3fc3c7430017d4f4c351104f4b1.scale.1024x682.jpg|2875567
805|2875567/7ff7fefd68d241a2dcb81c3c44b5b9c4.scale.1024x682.jpg|2875567
806|2875567/6f0b4d1e892e3c3af8b33721b2a49505.scale.1024x682.jpg|2875567
807|2875567/2d5926d05d0739a942cee4f089378505.scale.1024x682.jpg|2875567
808|2875567/02d5e8cf6ec4b0763cafd4397b580c99.scale.1024x682.jpg|2875567
809|2875567/bc9c95379ac29e6796b776a589b2375a.scale.1024x682.jpg|2875567
810|2875567/5e38ee1bd76842fd8ffc2c64a374918f.scale.1024x682.jpg|2875567
811|2875567/296b47d28eb074e260909df81f2b5007.scale.1024x682.jpg|2875567
812|2875567/14d85412a23c683dd48c5e0bed7cdfa2.scale.1024x682.jpg|2875567
